sku,units_sold_90d,last_order_date
12ASIP20100,17,2026-06-25
12ASIP20150,4,2026-04-25
12ASIP20200,13,2026-06-25
12ASIP20300,3,2026-06-24
12ASIP2060,3,2026-07-05
12BO100,3,2026-05-29
12BO18,17,2026-07-03
12BO48,5,2026-04-08
12BO72,5,2026-04-08
12IP20100,2,2026-07-01
12IP2012,4,2026-07-01
12IP20150,7,2026-06-17
12IP20200,1,2026-04-23
12IP2024,10,2026-06-02
12IP20240,1,2026-05-11
12IP20300,1,2026-05-02
12IP2040,1,2026-04-23
12IP20400,4,2026-04-24
12IP20480,4,2026-06-06
12IP20720,14,2026-06-23
12IP2080,2,2026-05-29
12IP6710,14,2026-06-28
12IP67100,32,2026-06-17
12IP67120OL2,6,2026-05-29
12IP6715,2,2026-05-19
12IP67150,30,2026-06-13
12IP6720,29,2026-06-18
12IP67250,15,2026-07-02
12IP6730,83,2026-06-19
12IP67300,34,2026-06-09
12IP67350,13,2026-06-29
12IP67350OL3,1,2026-07-05
12IP6736,3,2026-06-02
12IP6745,16,2026-06-27
12IP6750,15,2026-06-26
12IP6760,32,2026-06-29
12IP6780,3,2026-07-04
12MIP20100,1,2026-05-16
12MIP20180,1,2026-05-16
12RPIP45200,1,2026-04-23
12RPIP45250,1,2026-05-26
12SIP67150,5,2026-07-04
12SIP67200,1,2026-04-21
12SIP6760,1,2026-05-04
12UK3P10A,36,2026-06-08
12UK3P10A+SLW2,2,2026-06-26
12UK3P10A+SLW4,3,2026-06-23
12UK3P1A,4,2026-06-23
12UK3P1A+SLW4,7,2026-05-23
12UK3P1A+SLW8,9,2026-07-01
12UK3P2A,6,2026-06-20
12UK3P2A+SLW8,6,2026-06-03
12UK3P5A,10,2026-05-28
12UK3P8A,1,2026-06-17
24IP20120,8,2026-06-19
24IP201202PK,1,2026-04-25
24IP20200,5,2026-06-18
24IP20240,2,2026-07-05
24IP20300,6,2026-05-27
24IP20360,2,2026-06-05
24IP20400,3,2026-05-06
24IP2048,1,2026-05-26
24IP2072,1,2026-07-01
24IP6710,13,2026-06-17
24IP67100,53,2026-06-19
24IP67120,3,2026-06-14
24IP67150,12,2026-07-03
24IP6720,3,2026-06-13
24IP6724,20,2026-06-27
24IP6730,24,2026-05-26
24IP6736,1,2026-04-13
24IP6750,7,2026-06-12
24IP6760,6,2026-07-04
24IP6780,4,2026-07-03
3528 coolwhite 5m Strip light,2,2026-07-05
5IP2010,2,2026-07-02
5IP2020,1,2026-05-10
5IP20200,1,2026-05-12
5IP2050,2,2026-07-05
AFWHPDBR2PK,2,2026-06-24
AFWHPDPI2PK,2,2026-05-17
AFWHPEOL2PK,1,2026-06-28
APDPSBW,1,2026-04-30
APSPSBR2PK,5,2026-06-28
APSPSBW,1,2026-04-24
APSPSBW2PK,1,2026-04-16
BL1CC300BM2PK,1,2026-05-19
BL1S8300GD2PK,4,2026-06-10
BLOB1GU200+LDGU10WD5,6,2026-05-04
BLOB1GU300+LDGU10WD5,17,2026-06-30
BLOB1GU400+LDGU10CD5,2,2026-04-26
BS4ST7WB,2,2026-06-04
BS4STGPT,1,2026-05-06
BS6S8033ML,1,2026-04-24
BS6S8033PI,1,2026-07-02
BSFCDRWHPI,2,2026-06-01
BSTS815GY,1,2026-05-10
CBFF140BM,1,2026-04-11
CBFF200WH,1,2026-04-23
CBMP140BM,7,2026-05-06
CBMP140WH,6,2026-05-10
CBMPBM+PSOS2BBM+LHCCE27BM,1,2026-05-02
CBMPBM+PSOS2BBM+LHCCE27BM+ICST64E27,4,2026-05-11
CBSF100,3,2026-05-08
CBSF110,1,2026-05-18
CBSF115,1,2026-07-02
CBSF120,7,2026-07-03
CBSF125,1,2026-05-31
CBSF140,3,2026-06-09
CBSF145,2,2026-06-24
CBSF155,1,2026-04-28
CBSF175,1,2026-04-13
CBSF185,1,2026-04-18
CBSF205,1,2026-06-30
CBSF235,9,2026-07-02
CBSF40,2,2026-05-26
CBSF65,2,2026-05-15
CBSF75,1,2026-06-07
CBSF80,1,2026-05-07
CBSF85,1,2026-05-10
CBSF90,3,2026-05-19
CBSF95,2,2026-04-09
CCBC12,4,2026-06-16
CCBC24,8,2026-06-30
CCBC36,1,2026-05-16
CCBC5,1,2026-05-19
CCBKNWE12,70,2026-06-29
CCBKNWE18,2,2026-06-08
CCBKNWE25,23,2026-06-29
CCBKNWE3,14,2026-07-01
CCBKNWE36,6,2026-07-02
CCBKNWE48,41,2026-05-28
CCBKNWE7,7,2026-06-16
CCGNNSWE24,16,2026-07-03
CCGNNSWE48,7,2026-06-11
CCGNNWE60,61,2026-06-29
CCIP6745,1,2026-06-22
CCORNWH24,5,2026-05-14
CENU25200BM,1,2026-04-17
CENU36300BM,1,2026-04-17
CENU46450BM,1,2026-05-14
CERU36200BM,16,2026-06-12
CERU48250WH,1,2026-05-15
CERU72350GR,1,2026-04-11
CERU72450BL,1,2026-06-01
CERU80300BM,6,2026-05-08
CERU80300WH,5,2026-07-01
CGCEWH5PK,1,2026-07-05
CGCYBM5PK,6,2026-06-23
CGCYCO5PK,2,2026-05-20
CGCYGB5PK,1,2026-05-01
CGCYSN5PK,6,2026-04-13
CGCYYB5PK,5,2026-06-24
CGFLBM5PK,1,2026-04-22
CGMLBM,2,2026-04-10
CGMLBMAPK,2,2026-06-27
CGMLBMCPK,1,2026-06-01
CGMLBMEPK,1,2026-05-28
CGMLBMFPK,1,2026-04-13
CGMLWH,1,2026-05-07
CGMLWHAPK,2,2026-06-14
CGMLWHCPK,1,2026-06-01
CGROCO5PK,1,2026-07-01
CGSPBM5PK,3,2026-07-03
CGSPCL5PK,1,2026-06-10
CGSRBM5PK,6,2026-07-03
CGSRCH5PK,1,2026-05-05
CGSRGB5PK,1,2026-06-30
CKB2401BM,1,2026-05-20
CKB29243BM,1,2026-06-04
CKB6820PCBM,1,2026-06-06
CKBYBC,2,2026-05-11
CKBYFG,2,2026-05-11
CKDZH03610SB,2,2026-06-24
CKEC12BM,2,2026-05-31
CKEC17BL,1,2026-04-27
CKTBDWRE,1,2026-04-11
CKVOBC,2,2026-05-11
CKVOBY,2,2026-05-11
CKVOSW,1,2026-06-02
CL2RAG,2,2026-05-12
CL2RAG5PK,1,2026-06-30
CL2RBK,102,2026-05-20
CL2RBK5PK,1,2026-05-18
CL2RBKAPK,6,2026-06-21
CL2RBKSPK,2,2026-05-05
CL2RBM,24,2026-07-01
CL2RBM5PK,10,2026-07-05
CL2RBMAPK,39,2026-06-01
CL2RBR5PK,1,2026-06-14
CL2RBU,10,2026-06-20
CL2RCR,2,2026-07-01
CL2RCR5PK,3,2026-05-12
CL2RGD5PK,1,2026-06-23
CL2RGL5PK,1,2026-04-11
CL2RGR,3,2026-04-29
CL2RGR5PK,1,2026-04-27
CL2RGY,2,2026-07-01
CL2RGY5PK,3,2026-05-04
CL2RGYAPK,2,2026-07-03
CL2RHE,4,2026-06-27
CL2RHE5PK,4,2026-06-12
CL2RIV,1,2026-07-01
CL2RLB,102,2026-07-03
CL2RLG,4,2026-04-29
CL2ROR5PK,1,2026-05-09
CL2RPUAPK,1,2026-05-17
CL2RRE,1,2026-07-01
CL2RRS,1,2026-06-25
CL2RRSAPK,1,2026-05-19
CL2RRW5PK,1,2026-05-02
CL2RWH,13,2026-07-01
CL2RWH5PK,1,2026-04-09
CL2RWHAPK,1,2026-05-13
CL2RYE,2,2026-07-01
CL2TAG,2,2026-05-04
CL2TAG5PK,5,2026-06-27
CL2TAGAPK,1,2026-05-07
CL2TBK,3,2026-05-20
CL2TBK3PK,1,2026-04-22
CL2TBK5PK,7,2026-06-20
CL2TBM,32,2026-06-17
CL2TBM2PK,1,2026-04-24
CL2TBM3PK,4,2026-07-05
CL2TBM5PK,21,2026-06-28
CL2TBMAPK,12,2026-06-24
CL2TBP,1,2026-04-09
CL2TBR,31,2026-07-04
CL2TBR5PK,10,2026-07-05
CL2TBRAPK,5,2026-06-30
CL2TBT5PK,2,2026-06-04
CL2TBU,1,2026-04-27
CL2TBU5PK,3,2026-05-11
CL2TBWAPK,1,2026-04-09
CL2TCR,6,2026-06-20
CL2TCR5PK,2,2026-06-02
CL2TGD,1,2026-04-27
CL2TGD2PK,2,2026-06-04
CL2TGD5PK,16,2026-07-04
CL2TGDAPK,5,2026-06-24
CL2TGL,3,2026-05-06
CL2TGL5PK,13,2026-07-04
CL2TGLAPK,4,2026-06-13
CL2TGR5PK,4,2026-06-29
CL2TGY,2,2026-06-10
CL2TGY5PK,13,2026-07-05
CL2TGYAPK,4,2026-06-25
CL2THE,4,2026-06-11
CL2THE3PK,4,2026-05-18
CL2THE5PK,18,2026-06-30
CL2THEAPK,13,2026-06-30
CL2TIV,3,2026-05-30
CL2TIV5PK,2,2026-07-01
CL2TIVAPK,2,2026-05-18
CL2TLB,4,2026-06-28
CL2TLB5PK,8,2026-06-25
CL2TLBAPK,6,2026-06-04
CL2TOR,2,2026-04-23
CL2TOR5PK,2,2026-05-11
CL2TRE5PK,2,2026-06-22
CL2TRO,3,2026-06-19
CL2TRO5PK,2,2026-07-01
CL2TROAPK,5,2026-05-20
CL2TRS,1,2026-04-27
CL2TSI5PK,1,2026-05-03
CL2TWH,1,2026-04-30
CL2TWH5PK,2,2026-05-27
CL2TWHAPK,1,2026-06-08
CL2TYE5PK,3,2026-06-11
CL3RAG,2,2026-06-25
CL3RAG5PK,3,2026-06-25
CL3RAGAPK,2,2026-05-09
CL3RBD,4,2026-06-18
CL3RBM,15,2026-06-30
CL3RBM3PK,4,2026-06-09
CL3RBM5PK,22,2026-07-05
CL3RBMAPK,24,2026-06-23
CL3RBR,7,2026-07-01
CL3RBR5PK,2,2026-06-01
CL3RBRAPK,2,2026-07-05
CL3RBT,2,2026-04-29
CL3RBW,6,2026-05-18
CL3RBW5PK,2,2026-06-15
CL3RBWAPK,1,2026-05-09
CL3RCR,10,2026-07-01
CL3RCR5PK,3,2026-06-09
CL3RCRAPK,5,2026-05-19
CL3RGD,1,2026-06-21
CL3RGL,4,2026-06-21
CL3RGL5PK,3,2026-05-24
CL3RGLAPK,5,2026-05-14
CL3RGY,1,2026-06-10
CL3RGY5PK,7,2026-06-27
CL3RGYAPK,1,2026-04-22
CL3RHE,11,2026-06-15
CL3RHE5PK,4,2026-06-20
CL3RHEAPK,8,2026-06-03
CL3RIV,4,2026-05-22
CL3RLG,2,2026-04-29
CL3ROR,2,2026-04-29
CL3ROR5PK,4,2026-07-03
CL3RORAPK,2,2026-05-28
CL3RPE5PK,1,2026-06-27
CL3RRE,2,2026-04-29
CL3RRE5PK,3,2026-05-25
CL3RREAPK,3,2026-06-04
CL3RRO5PK,3,2026-06-21
CL3RROAPK,3,2026-05-09
CL3RWH,13,2026-06-26
CL3RWH5PK,3,2026-05-26
CL3RWHAPK,1,2026-06-12
CL3RYE,3,2026-04-29
CL3RYE5PK,2,2026-05-19
CL3RYEAPK,2,2026-06-12
CL3RYT5PK,1,2026-05-25
CL3TAG,7,2026-06-26
CL3TAG5PK,5,2026-06-12
CL3TAGAPK,9,2026-05-27
CL3TBD5PK,2,2026-06-26
CL3TBDAPK,2,2026-06-19
CL3TBK,1,2026-06-25
CL3TBK5PK,4,2026-06-28
CL3TBKAPK,11,2026-06-07
CL3TBL,1,2026-06-09
CL3TBLAPK,1,2026-05-25
CL3TBM,62,2026-06-20
CL3TBM3PK,3,2026-05-27
CL3TBM5PK,12,2026-07-02
CL3TBMAPK,8,2026-07-05
CL3TBP5PK,1,2026-04-16
CL3TBR,319,2026-07-03
CL3TBR3PK,1,2026-05-18
CL3TBR5PK,28,2026-07-04
CL3TBRAPK,13,2026-07-05
CL3TBT,1,2026-06-18
CL3TBT5PK,1,2026-06-19
CL3TBU,1,2026-05-07
CL3TBWAPK,3,2026-06-04
CL3TCR,8,2026-06-29
CL3TCR5PK,1,2026-05-20
CL3TCRAPK,23,2026-05-25
CL3TGD,8,2026-06-29
CL3TGD3PK,2,2026-04-29
CL3TGD5PK,9,2026-06-09
CL3TGDAPK,8,2026-06-17
CL3TGL,10,2026-06-27
CL3TGL5PK,2,2026-06-23
CL3TGLAPK,22,2026-07-04
CL3TGR,5,2026-06-09
CL3TGY,1,2026-06-10
CL3TGY5PK,3,2026-06-09
CL3TGYAPK,2,2026-06-22
CL3THE,14,2026-07-02
CL3THE5PK,15,2026-06-29
CL3THEAPK,18,2026-07-02
CL3TIV3PK,2,2026-04-11
CL3TIV5PK,4,2026-07-01
CL3TIVAPK,8,2026-06-24
CL3TLB5PK,1,2026-07-01
CL3TPE,1,2026-06-12
CL3TPE5PK,1,2026-05-20
CL3TPEAPK,2,2026-05-27
CL3TRE,4,2026-06-09
CL3TREAPK,1,2026-05-25
CL3TRSAPK,1,2026-05-09
CL3TRW,15,2026-05-09
CL3TRWAPK,5,2026-06-15
CL3TSI,1,2026-04-09
CL3TSIAPK,1,2026-05-25
CL3TWH,6,2026-07-05
CL3TWH+SWHBSP1OSWH+SPPGUK3PWH,3,2026-06-09
CL3TWH5PK,1,2026-06-16
CL3TWHAPK,1,2026-06-21
CL3TYE,3,2026-06-24
CMWHAPK,4,2026-06-09
CMWHCPK,2,2026-05-23
CMWHDPK,4,2026-07-01
CMWHEPK,1,2026-05-19
CMWHFPK,11,2026-06-15
CNP1000BM,1,2026-06-10
CNP1000BM2PK,1,2026-06-16
CNP1000CH,2,2026-06-27
CNP1000CO,1,2026-04-07
CNP1000CO2PK,1,2026-06-01
CNP1000FG2PK,2,2026-06-10
CNP1000GB,7,2026-07-01
CNP1000GB2PK,4,2026-07-03
CNP1000RO,6,2026-06-28
CNP1000YB,3,2026-05-17
CNP1000YB2PK,4,2026-06-13
CNP1000YBAPK,3,2026-04-29
CNS500BC,3,2026-06-12
CNS500BC3PK,2,2026-06-02
CNS500BC5PK,1,2026-05-24
CNS500BM,4,2026-06-08
CNS500BS3PK,1,2026-05-13
CNT900BM,20,2026-05-19
CNT900CH,5,2026-07-01
CNT900CO,3,2026-06-02
CNT900FG,6,2026-05-14
CNT900GB,1,2026-05-21
CNT900WH2PK,2,2026-06-10
CNT900WH5PK,1,2026-06-10
CNT900YB3PK,3,2026-07-01
CO1210ACLAPK,1,2026-04-15
CO1210ACLCPK,2,2026-04-25
CO1215ACL,2,2026-04-07
CO1215ACLAPK,2,2026-04-15
CO1215ACLCPK,1,2026-04-25
CO1230ACL,2,2026-04-07
CO123ACL,5,2026-05-27
CO123ACL5PK,1,2026-05-13
CO123ACLAPK,1,2026-04-15
CO123ACLCPK,5,2026-05-10
CO1260ACL,2,2026-04-07
CO1260ACLCPK,1,2026-04-25
CO126ACLAPK,1,2026-04-15
CO232AGY,20,2026-05-23
CO232AGYAPK,4,2026-04-25
CO232AGYCPK,1,2026-04-14
CO232AORAPK,6,2026-06-12
CO332AGY,30,2026-05-23
CO332AOR,13,2026-06-05
CO332AOR5PK,3,2026-06-12
CO332AORAPK,3,2026-06-16
CO33PWH5PK,5,2026-04-15
CO33PWHAPK,1,2026-07-01
CO33PWHCPK,1,2026-04-25
CO532AGYAPK,1,2026-04-14
CO532AGYCPK,1,2026-05-13
CO532AORAPK,1,2026-05-05
CO532AOREPK,5,2026-05-26
CODCCR3PK,1,2026-04-13
CODH622AGYDPK,1,2026-04-23
CODH622AGYEPK,1,2026-05-21
CODH632AGY,3,2026-04-11
CODL232AGY,37,2026-05-19
CODL232AGY5PK,1,2026-04-27
CODL232AGYCPK,3,2026-04-15
CODL632AGY,62,2026-06-28
CODL932AGY,107,2026-07-04
COI9BBM,249,2026-05-27
COI9RBM,11,2026-06-30
COPG135WH,24,2026-06-29
COS93BM,14,2026-07-02
COS93BM2PK,5,2026-06-22
COS93BMAPK,1,2026-07-02
COT85IP683RE,89,2026-06-30
COT85IP683YE,247,2026-07-05
COT9ABM,132,2026-06-23
COT9ABM2PK,4,2026-05-23
COT9ABM6PK,3,2026-06-23
COT9ABMAPK,9,2026-06-23
COWP4W3CBM,46,2026-06-29
COY9ABM,89,2026-06-06
COY9ABM2PK,2,2026-06-30
COY9ABM3PK,3,2026-06-22
COY9ABM5PK,2,2026-06-12
COY9BBM,15,2026-06-27
CRFF10020SN,1,2026-05-31
CRFF100BM+HKR10BM,1,2026-04-18
CRFF100BM+LHLFE275BM+WCDCBM+ICST64E27,1,2026-05-30
CRFF100BM+LHNSE27BM,114,2026-07-05
CRFF100BM+LHNSE27YB+SCRN70BM+LSTF40BG,85,2026-07-01
CRFF100BM+LHTTE27BM,7,2026-06-20
CRFF100BM+PHAH2RBMBM+ICST64E27,2,2026-04-11
CRFF100BM+PHAH2RCHBW+ICST64E27,2,2026-06-03
CRFF100BM+PHUP1PBRBM+CNT900BM,42,2026-06-30
CRFF100BM+PHUP1PBRBM+CNT900BM+ICST64E27,22,2026-06-10
CRFF100BM+WSLS155YB+SCRN70BM+LSFT220BM,7,2026-06-10
CRFF100BM+WSLS155YB+WCVCBM+ICST64E2740,6,2026-05-10
CRFF100BM+WSSM40BM+WCB6BM+ICST64E27,3,2026-06-02
CRFF100BM+WSSM40BM+WCB7BM+ICST64E27,2,2026-05-20
CRFF100CH+LHNSE27CH,25,2026-07-02
CRFF100CH+LHNSE27CH+LSLR260GR,2,2026-04-28
CRFF100CH+PHUP1PCRCH+CNT900CH+ICST64E27,2,2026-05-31
CRFF100CO+LHNSE27CO,17,2026-07-04
CRFF100CO+PHUP1PBRCO,20,2026-06-01
CRFF100CO+PHUP1PBRCO+CNT900CO,2,2026-05-19
CRFF100CO+PHUP1PBRCO+CNT900CO+ICST64E27,2,2026-05-14
CRFF100GB+LHNSE27GB,64,2026-07-01
CRFF100GB+PHUP1PBRGB,29,2026-05-24
CRFF100GB+PHUP1PBRGB+CNT900GB,7,2026-06-19
CRFF100GB+PHUP1PBRGB+CNT900GB+ICST64E27,2,2026-06-19
CRFF100SN,10,2026-06-09
CRFF100SN+LHNSE27SN+ICST64E27,3,2026-06-29
CRFF100WH+PHUP1PWRWH,2,2026-05-08
CRFF100WH+PHUP1PWRWH+CNT900WH,7,2026-04-23
CRFF100YB,7,2026-06-29
CRFF100YB+LHNSE27YB+ICST64E27,1,2026-05-22
CRFF105BA,4,2026-06-11
CRFF105BY,3,2026-04-25
CRFF105CO,3,2026-06-17
CRFF105GB,44,2026-07-03
CRFF105RO,4,2026-05-31
CRFF105SN,12,2026-06-25
CRFF105WH,8,2026-04-25
CRFF105YB,20,2026-07-04
CRFF108BM+HK10BM,1,2026-05-10
CRFF108BM+PHRI1PBRBA+LSCY290BG,20,2026-05-01
CRFF108BM+WSHR135BM+SCRN70BM+LSOL180BB,2,2026-04-09
CRFF108BM+WSHR135BM+SCRN70BM+LSOL180BM,3,2026-06-01
CRFF108BM+WSHR135BM+WCBNBM,2,2026-06-18
CRFF108BM+WSHR135BM+WCDCBM,2,2026-06-10
CRFF108BM+WSHR135BM+WCLCBM,2,2026-04-18
CRFF108BM+WSSS70BM+SCRN70BM,6,2026-04-15
CRFF108BM+WSTR135BM+LSTL260BM,3,2026-06-19
CRFF108BM+WSTR135BM+SCRNPLBM+WCWDBM,4,2026-04-27
CRFF108BM+WSTR135BM+WCWDBM,22,2026-06-16
CRFF108BY+LHNSE27BY+LSDO300BM+ICST64E27,1,2026-05-07
CRFF108BY+LHNSE27BY+LSDO300BT,1,2026-04-12
CRFF108CO,2,2026-06-10
CRFF108CO+HK10CO,2,2026-05-14
CRFF108CO+WSSS70CO+SCRN70CO,15,2026-05-07
CRFF108GB,1,2026-06-18
CRFF108GB+HK10GB,2,2026-05-04
CRFF108GB+PHCN1AGRGB,1,2026-07-02
CRFF108SN,10,2026-06-22
CRFF108SN+LHTKE27SN,2,2026-07-02
CRFF108SN+WSSS70SN+SCRN70SN+LSFT220SN,2,2026-06-27
CRFF108WH+HK10WH,2,2026-06-30
CRFF108YB+WSSS70YB+SCRN70YB,19,2026-07-02
CRFF110HBM,3,2026-05-20
CRFF110HCO,2,2026-06-13
CRFF110HFG,2,2026-07-02
CRFF110HSN,5,2026-07-02
CRFF110HYB,9,2026-06-01
CRFF115BM+LHTKE27BA+WCDC10BM,1,2026-06-01
CRFF115BM+LHTTE27BM+WCDCBM,1,2026-04-07
CRFF140BC,2,2026-06-09
CRFF140BC+WSSM40BC+WCB2BC,30,2026-07-05
CRFF140BM,6,2026-05-31
CRFF140BM+PHAH2RBMBM+SPSDP2BM,4,2026-06-20
CRFF140BM+PHHC1BMRYB+LSTF40BM,2,2026-06-09
CRFF140BM+WSNW170BM+LSCY210BG,20,2026-06-06
CRFF140BM+WSNW170BM+LSCY210BG+ICST64E27,5,2026-05-31
CRFF140BM+WSNW170BM+LSFT220BM+ICST64E27,33,2026-06-29
CRFF140BM+WSST70BM+WCB2BM,12,2026-05-24
CRFF140BM+WSST70BM+WCB2BM+ICST64E27,3,2026-05-11
CRFF140BM+WSWH135BM+LSDO210BC,7,2026-07-02
CRFF140BM+WSWH135BM+LSDO210BM+ICST64E27,7,2026-06-21
CRFF140BS,2,2026-04-23
CRFF140BS+WSSM40BS+WCB2BS,2,2026-04-27
CRFF140CH+HK10CH,1,2026-06-26
CRFF140CH+PHAH2RCHBW+SPSDP2SN,1,2026-05-22
CRFF140CH+WSFSCH,5,2026-06-30
CRFF140CH+WSFSCH+ICST64E27,4,2026-05-06
CRFF140CH+WSNW170CH+LSOL220CH+ICST64E27,3,2026-06-09
CRFF140CO,4,2026-06-04
CRFF140CO+WSNW170CO+LSCY210RR+ICST64E27,2,2026-06-27
CRFF140CO+WSNW170CO+LSRP260CO,14,2026-07-02
CRFF140CO+WSNW170CO+LSRP260CO+ICST64E27,23,2026-06-30
CRFF140CO+WSNW170CO+WCBNRO+ICST64E27,2,2026-06-30
CRFF140FG+HK10FG,3,2026-06-04
CRFF140FG+WSFSFG,17,2026-05-18
CRFF140FG+WSFSFG+ICST64E27,12,2026-06-24
CRFF140GB,15,2026-06-08
CRFF140GB+WSFSGB,5,2026-04-21
CRFF140GB+WSFSGB+ICST64E27,4,2026-05-07
CRFF140GL+LHNSE27YB+SCRN70BM+LSFT220BC+ICST64E27,1,2026-06-11
CRFF140GL+LHNSE27YB+SCRN70BM+LSUL220RR+LDMST64E274,1,2026-06-10
CRFF140GL+WSWH135BM+LSDO210BM,3,2026-06-15
CRFF140GL+WSWH135BM+LSDO210RE+ICST64E27,1,2026-07-04
CRFF140RO+WSFSRO,29,2026-05-19
CRFF140RO+WSFSRO+ICST64E27,18,2026-06-12
CRFF140RR+WSSM40RR+WCB2RR,10,2026-06-15
CRFF140RR+WSSM40RR+WCB2RR+ICST64E2740,3,2026-06-10
CRFF140SBC+LSFH1PBRBC,2,2026-06-16
CRFF140SN,2,2026-06-04
CRFF140SN+WSFSSN,4,2026-05-02
CRFF140SN+WSFSSN+ICST64E27,5,2026-06-29
CRFF140SN+WSNW170SN+LSMS320GR,5,2026-07-02
CRFF140SN+WSNW170SN+LSMS320GY,2,2026-06-14
CRFF140SN+WSNW170SN+LSMS320RE,3,2026-05-16
CRFF140SN+WSNW170SN+LSMS320YE,6,2026-06-30
CRFF140SN+WSNW170SN+LSOL220SN,6,2026-07-02
CRFF140SN+WSNW170SN+LSOL220SN+ICST64E27,2,2026-04-26
CRFF140SN+WSNW170SN+LSSS300SN,2,2026-04-22
CRFF140SN+WSNW170SN+LSSS300SN+ICST64E27,2,2026-04-16
CRFF140WH,10,2026-06-19
CRFF140WH+HK10WH,1,2026-06-25
CRFF140WH+WSFSWH,1,2026-05-13
CRFF140YB+PHAH2RYBGD+SPSDP2YB,7,2026-06-24
CRFF140YB+WSNW170YB+LSOL220YB,24,2026-06-23
CRFF140YB+WSNW170YB+LSOL220YB+ICST64E27,14,2026-07-02
CRFF140YB+WSNW170YB+LSSS300YB,2,2026-06-06
CRFF140YB+WSNW170YB+LSSS300YB+ICST64E27,4,2026-05-19
CRFF14BM,2,2026-05-12
CRFF2005BM+PHHR2HETHE5PK+SPHEBM5PK,1,2026-05-04
CRFF2005WH,4,2026-05-14
CRFF2006BM+PHBL2PBRBM6PK+SPUPBM6PK+WCBLBM6PK,1,2026-05-14
CRFF2006BM+PHHR2HETHE6PK+SPHEBM6PK,1,2026-04-26
CRFF2008BM+PHBL2PBRBM8PK+SPUPBM8PK,3,2026-05-18
CRFF4002BM,2,2026-06-05
CRFF4002BM+PHHT1PBRBM2PK+LSFT220GY2PK,1,2026-06-09
CRFF4002BM+PHTT1PBR5BM2PK,5,2026-06-30
CRFF4002BM+PHTT1PBR5BM2PK+ICST64E272PK,2,2026-05-20
CRFF4002BM+WCRNBM2PK,3,2026-05-30
CRFF4503BM+WCRNBM3PK,2,2026-05-30
CRFF5004BM,2,2026-05-21
CRFF5004BM+LHTTAGU10BM4PK+LDGU10WD54PK,3,2026-04-24
CRFF5004BM+WCRNBM4PK+ICST64E274PK,1,2026-06-11
CRFF5005BM,1,2026-05-26
CRFF500BM+LHNDE27BM2PK+LHNSE27BM+LSFT220BC3PK+ICST64E273PK,3,2026-05-26
CRFF500BM+LHNDE27BM2PK+LHNSE27BM+LSFT220BM3PK,10,2026-05-15
CRFF500BM+LHNDE27BM2PK+LHNSE27BM+LSFT220BS3PK+ICST64E273PK,1,2026-04-10
CRFF500BM+PHCH1BMRBM3PK+LSCY210BG3PK,4,2026-06-19
CRFF500BM+PHCH1BMRBM3PK+LSCY210BG3PK+ICST64E273PK,6,2026-07-01
CRFF500BM+PHCH1BMRBM3PK+LSDO210BM3PK,1,2026-05-03
CRFF500BM+PHCH1BMRBM3PK+LSDO210BM3PK+LDMST64E2743PK,1,2026-06-02
CRFF500BM+PHHT1PBRBM3PK+WCWODSBM3PK,1,2026-07-02
CRFF500BM+PHSH1PBRYB3PK+SCRN70BM3PK+LSFT220NB3PK+ICST64E273PK,1,2026-06-14
CRFF500BM+PHSH1PBRYB3PK+WCWDBM3PK,1,2026-04-09
CRFF500BM+PHSW1PBRBM3PK+LSFT220GY3PK,1,2026-04-24
CRFF500BM+WCCY1ROBM3PK,1,2026-04-15
CRFF500BM+WSSS70YB3PK+LSFT220BC3PK,9,2026-07-03
CRFF500BS+PHNW1RBS3PK,2,2026-06-28
CRFF500CH+WCCY1ROCH3PK,1,2026-04-15
CRFF500CH+WCCY1ROCH3PK+LDDTCE27123PK,1,2026-05-08
CRFF500CH+WCDC10CH3PK,1,2026-04-28
CRFF500GB,1,2026-05-19
CRFF500RR+PHSH1PBRYB3PK+LSDO210BB+LSDO210BC+LSDO210RR+ICST64E273PK,1,2026-07-01
CRFF500SN,1,2026-04-10
CRFF500WH+PHCH1PWRSWH3PK+LSSS300NB3PK,1,2026-06-17
CRFF500YB,1,2026-05-21
CRFF5504BM+WCRNBM4PK,1,2026-04-29
CRFF65BM,10,2026-05-01
CRFF65CO,3,2026-06-02
CRFF65FG,2,2026-06-28
CRFF65SN,31,2026-06-09
CRFF65SN+WSSS70SN,20,2026-05-28
CRFF65YB,24,2026-06-28
CRFF65YB+LHTTAGU10YB+LDGU10WW5,30,2026-07-05
CRFF65YB+RW1FG2PK+LHTTAGU10YB+LDGU10WD5,12,2026-05-08
CRFF65YB+RW1FG2PK+LHTTAGU10YB+LDGU10WW5,15,2026-05-14
CRFF75BA,7,2026-04-29
CRFF75BY,1,2026-06-08
CRFF75BY+LHTKE27BA,10,2026-04-20
CRFF75CH,2,2026-05-10
CRFF75CO+HK10CO,5,2026-06-12
CRFF75GB,5,2026-07-03
CRFF75GB+LHAHE27GB,9,2026-06-11
CRFF75RO+HK10RO,1,2026-06-07
CRFF75SN,1,2026-04-18
CRFF75YB,12,2026-07-05
CRSF100BB,1,2026-04-21
CRSF100BB+PHCH1PBRBB+LSSS300GR,3,2026-06-06
CRSF100BB+PHCH1PBRBB+LSUL220BB,1,2026-06-13
CRSF100BB+PHCH1PBRBB+LSUL220BB+ICST64E27,2,2026-04-22
CRSF100BB+PHCH1PBRBB+WCB6BB,3,2026-04-18
CRSF100BB+PHCH1PBRBB+WCB6BB+ICST64E27,3,2026-06-04
CRSF100BB+PHSH1PBRBB,17,2026-07-01
CRSF100BB+PHSH1PBRBB+ICST64E27,8,2026-06-20
CRSF100BB+PHSH1PBRBC+LSSS300BC+ICST64E27,2,2026-05-04
CRSF100BB2PK+PHCH1PBRBB2PK,2,2026-06-28
CRSF100BC,4,2026-05-26
CRSF100BC+LHNSE27YB+SCRN70BC+LSWD360BC,4,2026-06-24
CRSF100BC+LHSHE27BC+SCRN70BC+LSUL220BC,1,2026-06-14
CRSF100BC+PHHT1PBRBC,16,2026-06-21
CRSF100BC+PHHT1PBRBC+WCSRBC+ICT45E2760,3,2026-04-16
CRSF100BC+PHOP1PBRBC+LSTL260BC,6,2026-05-26
CRSF100BC+PHSH1PBRBC+ICST64E27,2,2026-06-28
CRSF100BC+PHSH1PBRBC+SCRN70BC+ICG95E2760,3,2026-05-11
CRSF100BC2PK+PHHT1PBRBC2PK,5,2026-05-26
CRSF100BC5PK+PHHT1PBRBC5PK,1,2026-06-27
CRSF100BC5PK+PHHT1PBRBC5PK+ICST64E275PK,2,2026-06-15
CRSF100BCAPK+PHHT1PBRBCAPK,11,2026-06-25
CRSF100BD+PHCH1PWRSBD,4,2026-07-04
CRSF100BD+PHRB1PBR40BM+LSBS160CB,3,2026-06-03
CRSF100BD2PK+PHCH1PWRSBD2PK,1,2026-07-04
CRSF100BL,6,2026-05-14
CRSF100BL+PHCH1PWRSBL,2,2026-06-19
CRSF100BL+PHCH1PWRSBL+WCDTBL,4,2026-04-29
CRSF100BL+PHRB1PWRPW+CGWDWO+LSWE315BL+ICST64E27,2,2026-05-04
CRSF100BL+WSCH135BT+LSDO210BL+ICST64E27,1,2026-04-28
CRSF100BM,112,2026-06-30
CRSF100BM+CL3TBM+LHSHE27BA,20,2026-06-11
CRSF100BM+CL3TBR+LHSHE27BA,7,2026-06-12
CRSF100BM+LHHTE27BM+WCCYSP160BM,2,2026-06-04
CRSF100BM+LHHTE27BM+WCCYSP160GD,1,2026-06-04
CRSF100BM+LHHTE27BM+WCDCBM+ICST64E2740,3,2026-05-28
CRSF100BM+LHLFE275BM+WCB1BC,2,2026-05-22
CRSF100BM+LHLFE275BM+WCB1BM+ICST64E27,1,2026-05-20
CRSF100BM+LHLFE27BM+LSDO300BM+ICST64E27,1,2026-07-01
CRSF100BM+LHLFE27BM+LSFT220BG,2,2026-05-02
CRSF100BM+LHLFE27BM+SCRN70YB+LSCY290BS,1,2026-05-13
CRSF100BM+LHNSE27BM+SCRN70BM+LSFT220WH,2,2026-04-13
CRSF100BM+LHNSE27BM+SCRN70YB+LSMS320BI+ICST64E27,6,2026-05-29
CRSF100BM+LHNSE27BM+SCRN70YB+LSMS320GR,4,2026-05-08
CRSF100BM+LHNSE27BM+SCRN70YB+LSMS320GR+ICST64E27,1,2026-04-15
CRSF100BM+LHNSE27BM+SCRN70YB+LSMS320GY,2,2026-04-25
CRSF100BM+LHNSE27CO+SCRN70BM+LSWD360BM,1,2026-04-15
CRSF100BM+LHNSE27CO+SCRN70CO+LSFT220GY,1,2026-06-02
CRSF100BM+LHNSE27YB+LSFT220BI+LDCWE273,1,2026-05-26
CRSF100BM+LHNSE27YB+SCRN70BM+LSFT220BM+ICST64E2740,15,2026-06-30
CRSF100BM+LHNSE27YB+SCRN70BM+LSTF40BG,13,2026-04-22
CRSF100BM+LHNSE27YB+SCRN70BM+LSUL220BM,2,2026-06-11
CRSF100BM+LHNSE27YB+SCRN70BM+LSUL220BM+ICST64E2760,3,2026-06-08
CRSF100BM+LHNSE27YB+SCRN70BM+LSWD360BM,3,2026-06-10
CRSF100BM+LHNSE27YB+SCRN70BS+LSWD360BS,1,2026-04-16
CRSF100BM+LHNSE27YB+SCRN70YB+LSFT220BI,1,2026-04-20
CRSF100BM+LHTTE2730BM+WCSCBM+LDCWE2712,1,2026-06-18
CRSF100BM+LHTTE27BM,3,2026-06-30
CRSF100BM+LSACY195BG,6,2026-07-04
CRSF100BM+PHBH1BMRBM,5,2026-06-29
CRSF100BM+PHCGF1BMRBM,20,2026-06-25
CRSF100BM+PHCH1BMRBM+LSCY290BM+ICST64E27,3,2026-06-04
CRSF100BM+PHCH1BMRBM+LSDO400BM,34,2026-05-20
CRSF100BM+PHCH1BMRBM+LSDO400BM+ICST64E27,4,2026-05-06
CRSF100BM+PHCH1BMRBM+LSDO400GY,3,2026-04-18
CRSF100BM+PHCH1BMRBM+LSDO400GY+ICST64E27,1,2026-04-24
CRSF100BM+PHCH1BMRBM+LSDO400OR,3,2026-06-06
CRSF100BM+PHCH1BMRBM+LSDO400OR+ICST64E27,4,2026-06-30
CRSF100BM+PHCH1BMRBM+LSDO400RE,4,2026-06-21
CRSF100BM+PHCH1BMRBM+LSDO400RE+ICST64E27,5,2026-05-16
CRSF100BM+PHCH1BMRBM+LSDO400YE,1,2026-05-26
CRSF100BM+PHCH1BMRBM+LSDO400YE+ICST64E27,2,2026-04-29
CRSF100BM+PHCH1BMRBM+WCDCBM,2,2026-06-19
CRSF100BM+PHCH1PBRBC+WCBCBC+LDMST64E274,3,2026-06-27
CRSF100BM+PHCH1PBRSBM+LSHQ150BM,11,2026-06-27
CRSF100BM+PHCHPBRCO+LSCY290CO+ICST64E27,1,2026-06-15
CRSF100BM+PHCHPBRGB+LSCY290GB,1,2026-04-15
CRSF100BM+PHCHPCRYB+LSCY290YB+ICST64E27,2,2026-06-20
CRSF100BM+PHFH1PBRGS+LSUL220BC+ICST64E27,2,2026-06-01
CRSF100BM+PHFH1PBRGS+LSUL220BC+ICST64E27-1,2,2026-06-12
CRSF100BM+PHFH1PBRGS+LSUL220BM,40,2026-05-27
CRSF100BM+PHHC1BMRBM,1,2026-07-05
CRSF100BM+PHHF1PBRBM+LSWD360BM,6,2026-05-22
CRSF100BM+PHHN1PBRGD+LSDO210BG+ICST64E27,7,2026-05-13
CRSF100BM+PHHS1PBRBM+LSLT360BI,3,2026-05-12
CRSF100BM+PHHS1PBRBM+LSLT360BI+ICST64E27,2,2026-07-03
CRSF100BM+PHHT1PBRBM+LSCYRO120BM,1,2026-05-02
CRSF100BM+PHHT1PBRBM+LSCYRO300BM,4,2026-06-23
CRSF100BM+PHHT1PBRBM+LSHM300HE,1,2026-05-27
CRSF100BM+PHHT1PBRBM+LSHM300HE+ICST64E27,5,2026-06-16
CRSF100BM+PHHT1PBRBM+LSHM400HE,6,2026-07-04
CRSF100BM+PHHT1PBRBM+LSHM400HE+ICST64E27,4,2026-06-30
CRSF100BM+PHHT1PBRBM+LSHQ150BM+ICST64E27,1,2026-04-11
CRSF100BM+PHHT1PBRBM+LSMS320GY+ICST64E27,1,2026-05-05
CRSF100BM+PHHT1PBRBM+LSMS320OR+ICST64E27,2,2026-06-20
CRSF100BM+PHHT1PBRBM+WCFPBM,6,2026-05-05
CRSF100BM+PHHT1PBRBM+WCWODSBM+LDMA60E274,9,2026-06-08
CRSF100BM+PHHT1PBRBM+WCWVBM+ICST64E2740,1,2026-05-30
CRSF100BM+PHHT2PBRBM+SPUPBM+LSOL180BM,1,2026-06-03
CRSF100BM+PHHT2PBRBM+SPUPBM+LSSS300BI,2,2026-07-03
CRSF100BM+PHMH1HERYB,3,2026-05-16
CRSF100BM+PHMU1PBRGS+LSDO210BG,13,2026-06-11
CRSF100BM+PHRB1PBR30BM+LSAFT200BG,1,2026-05-20
CRSF100BM+PHRB1PBR40BM,3,2026-06-11
CRSF100BM+PHRI1PBRBY+LSDO210BG,7,2026-06-15
CRSF100BM+PHRYWP1RBM,2,2026-05-21
CRSF100BM+PHRYWP1RBM+ICST64E27,2,2026-05-01
CRSF100BM+PHSH1PBRBC+SCRN70BC+LSOL180BC,2,2026-06-25
CRSF100BM+PHSH1PBRBM,3,2026-06-06
CRSF100BM+PHSH1PBRBM+LSMS320BI,6,2026-06-17
CRSF100BM+PHSH1PBRBM+LSMS320BI+ICST64E27,2,2026-06-23
CRSF100BM+PHSH1PBRBM+LSMS320BT,1,2026-06-17
CRSF100BM+PHSH1PBRBM+LSMS320BT+ICST64E27,2,2026-06-16
CRSF100BM+PHSH1PBRBM+LSMS320CB,2,2026-06-17
CRSF100BM+PHSH1PBRBM+LSMS320CB+ICST64E27,6,2026-06-06
CRSF100BM+PHSH1PBRBM+LSMS320GR,8,2026-06-17
CRSF100BM+PHSH1PBRBM+LSMS320GR+ICST64E27,14,2026-06-24
CRSF100BM+PHSH1PBRBM+LSMS320GY,3,2026-04-10
CRSF100BM+PHSH1PBRBM+LSMS320GY+ICST64E27,2,2026-06-08
CRSF100BM+PHSH1PBRBM+LSMS320OR,2,2026-06-17
CRSF100BM+PHSH1PBRBM+LSMS320OR+ICST64E27,3,2026-05-31
CRSF100BM+PHSH1PBRBM+LSMS320RE,1,2026-06-17
CRSF100BM+PHSH1PBRBM+LSMS320YE,1,2026-06-17
CRSF100BM+PHSH1PBRBM+LSSS300BM,2,2026-06-09
CRSF100BM+PHSH1PBRRR+SCRN70RR+LSOL180RR+ICST64E2740,2,2026-04-15
CRSF100BM+PHSH1PBRYB+LSCY290BI+ICST64E27,3,2026-05-29
CRSF100BM+PHSH1PBRYB+LSDO300BM+ICST64E27,2,2026-06-01
CRSF100BM+PHSH1PBRYB+LSDO400BM,2,2026-06-18
CRSF100BM+PHSH1PBRYB+LSSS300BL,2,2026-05-24
CRSF100BM+PHSH1PBRYB+LSSS300BS,5,2026-06-25
CRSF100BM+PHSH1PBRYB+LSSS300GR,6,2026-05-20
CRSF100BM+PHSH1PBRYB+SCRN70BC+LSWD360BC,4,2026-06-14
CRSF100BM+PHSH1PBRYB+SCRN70BC+LSWD360BC+ICST64E27,27,2026-07-03
CRSF100BM+PHSH1PBRYB+SCRN70BM+LSFT220RE,3,2026-06-06
CRSF100BM+PHSH1PBRYB+SCRN70BM+LSWD360BM,1,2026-06-07
CRSF100BM+PHSH1PBRYB+SCRN70BS+LSWD360BS,1,2026-06-03
CRSF100BM+PHSH1PBRYB+SCRN70BS+LSWD360BS+ICST64E27,14,2026-07-03
CRSF100BM+PHSH1PBRYB+WCLNBM,1,2026-05-04
CRSF100BM+PHSH2BMTBM+SPUPBM+LDMG80E274,8,2026-06-24
CRSF100BM+PHSH2PBRCO+SPSDP2BM+ICST64E27,1,2026-06-18
CRSF100BM+PHSH2PBRYB+LSCY290YE,3,2026-06-10
CRSF100BM+PHSQ1PBRYB+LSCY290BC+ICST64E27,3,2026-06-18
CRSF100BM+PHSQ1PBRYB+LSCY290YE,4,2026-04-21
CRSF100BM+PHSW1PBRBM+LSFT220NB+ICST64E27,2,2026-06-27
CRSF100BM+PHSW1PBRBM+LSSS300RE+ICST64E27,1,2026-05-11
CRSF100BM+PHTC1PBRBM+LSGL9015CL,2,2026-06-12
CRSF100BM+PHTT1PBR105BM+WCDRBM,2,2026-05-25
CRSF100BM+PHTT1PBR1BM+ICST64E27,1,2026-04-27
CRSF100BM+PHTT1PBRBM+LSDS100BM,3,2026-04-09
CRSF100BM+PHUH1HETBM+WCMSBM+ICG95E2760,2,2026-06-15
CRSF100BM+PHUP1PBRBM,25,2026-06-01
CRSF100BM+PHUP1PBRBM+CNS600BC+LSH3325HE,1,2026-06-10
CRSF100BM+PHUP1PBRBM+HK10BM+HKR10BM+LSSS300BM,1,2026-06-16
CRSF100BM+PHUP1PBRBM+HK10BM+HKR10BM+LSSS300RE,1,2026-06-16
CRSF100BM+SPUPBM+PHRNWP2RBM,6,2026-06-26
CRSF100BM+SPUPBM+PHRNWP2RBM+ICST64E27,6,2026-06-24
CRSF100BM+WCRNBM+ICST64E2740,2,2026-06-17
CRSF100BM+WCSC1BM,5,2026-05-19
CRSF100BM+WSAFT200BG,7,2026-06-22
CRSF100BM+WSCH135BM+LSDO210BI,11,2026-06-26
CRSF100BM+WSCH135BM+LSDO210BI+ICST64E27,64,2026-06-24
CRSF100BM+WSCH135BM+LSDO210BM+ICST64E27,9,2026-07-01
CRSF100BM+WSCH135BM+LSHH240BC,4,2026-04-27
CRSF100BM+WSCH135BM+LSHH240BM,12,2026-05-27
CRSF100BM+WSCH135BM+LSHQ150BM,3,2026-05-27
CRSF100BM+WSCH135BM+SCRN70BM+LSLC180BM,2,2026-06-30
CRSF100BM+WSCH135BM+SCRN70BM+LSOL180BM,10,2026-05-11
CRSF100BM+WSCH135BM+SCRN70BM+LSOL180BS+ICST64E27,1,2026-06-23
CRSF100BM+WSCH135BM+SCRN70BM+LSTF40BM,1,2026-06-21
CRSF100BM+WSCH135BM+SCRN70BM+LSTF40CO+ICST64E27,2,2026-07-05
CRSF100BM+WSCH155YB+SCRN70BM+LSBG136AR,17,2026-07-05
CRSF100BM+WSCH155YB+SCRN70BM+LSCG185AR,21,2026-06-19
CRSF100BM+WSCH155YB+SCRN70BM+LSPG250AR,4,2026-06-14
CRSF100BM+WSHR135BM+LSDM220CO+ICST64E27,1,2026-05-09
CRSF100BM+WSHR135BM+LSDM220YB+ICST64E27,2,2026-04-17
CRSF100BM+WSHR135BM+LSFT220GY,1,2026-04-21
CRSF100BM+WSHR135BM+LSFT220OR+ICST64E27,2,2026-06-21
CRSF100BM+WSLS155YB+LSCP150BD+ICST64E27,2,2026-04-20
CRSF100BM+WSLS155YB+LSFT220BG,2,2026-07-03
CRSF100BM+WSLS155YB+LSLC180BM,4,2026-05-18
CRSF100BM+WSLS170YB+LSHQ150BM,13,2026-06-22
CRSF100BM+WSLS170YB+LSHQ150GR,8,2026-06-25
CRSF100BM+WSLS170YB+LSHQ150YE,12,2026-06-08
CRSF100BM+WSSS70BM+LSWD360BM,1,2026-06-02
CRSF100BM+WSST70BM,2,2026-04-26
CRSF100BM+WSST70BM+WCBNBM,12,2026-06-01
CRSF100BM+WSTR135BM+WCB6BM,2,2026-05-24
CRSF100BM2PK+LHNSE27BM2PK+LSTF400GR2PK,2,2026-06-20
CRSF100BM2PK+LHNSE27BM2PK+LSTF400GY2PK,3,2026-07-05
CRSF100BM2PK+LHNSE27BM2PK+LSTF400WH2PK,1,2026-05-14
CRSF100BM2PK+PHHT1PBRBM2PK,20,2026-06-24
CRSF100BM2PK+SPUPBM2PK+PHRNWP2RBM2PK,1,2026-04-29
CRSF100BM3PK+PHCGF1BMRBM3PK,15,2026-07-02
CRSF100BM3PK+PHCH1BMRBM3PK+LSCY290YE3PK,4,2026-05-31
CRSF100BM3PK+PHSQ1PBRYB3PK+LSSS300BB3PK,8,2026-06-25
CRSF100BM3PK+PHSQ1PBRYB3PK+LSSS300BC3PK,10,2026-06-22
CRSF100BM3PK+PHSQ1PBRYB3PK+LSSS300BI3PK,2,2026-06-12
CRSF100BM3PK+PHSQ1PBRYB3PK+LSSS300BL3PK,1,2026-04-22
CRSF100BM3PK+PHSQ1PBRYB3PK+LSSS300BS3PK,2,2026-05-04
CRSF100BM3PK+PHSQ1PBRYB3PK+LSSS300GR3PK,15,2026-06-29
CRSF100BM3PK+PHSQ1PBRYB3PK+LSSS300GY3PK,1,2026-05-14
CRSF100BM3PK+PHSQ1PBRYB3PK+LSSS300RE3PK,1,2026-06-23
CRSF100BM5PK+PHHT1PBRBM5PK,27,2026-07-01
CRSF100BM5PK+PHHT1PBRBM5PK+ICST64E275PK,5,2026-05-23
CRSF100BM6PK+PHHT1PBRBM6PK,1,2026-05-19
CRSF100BMAPK+PHHT1PBRBMAPK+ICST64E27APK,1,2026-06-30
CRSF100BS+LHSHE27BS+SCRN70BS+LSUL220BS+ICST64E2740,1,2026-06-11
CRSF100BS+PHNW1RBS,1,2026-06-05
CRSF100BS+PHSH1PBRBS,3,2026-04-12
CRSF100BS+PHSH1PBRBS+ICST64E27,12,2026-06-06
CRSF100BU+WSCH135BU+LSHQ150BU,1,2026-04-14
CRSF100CH,5,2026-05-01
CRSF100CH+CL3TBM+LHSHE27CH,3,2026-06-13
CRSF100CH+CL3TGY+LHSHE27CH,8,2026-06-26
CRSF100CH+CL3TGY+LHSHE27SN,6,2026-05-15
CRSF100CH+LHNSE27CH+LSDM220CH,1,2026-07-02
CRSF100CH+PHAH2RCHBW+SPSPLBM+LSRP260CH,1,2026-06-14
CRSF100CH+PHBK1PCRCH+ICST64E27,1,2026-07-02
CRSF100CH+PHCHPCRCH,2,2026-04-10
CRSF100CH+PHSH1PCRCH+LSSS300CH+ICST64E27,3,2026-04-22
CRSF100CH+WCDC10CH,1,2026-04-07
CRSF100CH+WSLS155CH,2,2026-07-03
CRSF100CH+WSLS155CH+ICST64E2740,2,2026-04-27
CRSF100CH2PK+PHHT1PBRCH2PK,2,2026-04-22
CRSF100CO,15,2026-06-04
CRSF100CO+CL3TBM+LHSHE27CO,4,2026-07-04
CRSF100CO+CL3TBR+LHSHE27CO,33,2026-06-21
CRSF100CO+CL3TWH+LHSHE27CO,5,2026-04-13
CRSF100CO+LHNSE27CO+LSCY290CO,1,2026-06-23
CRSF100CO+LHNSE27CO+LSDM220CO,3,2026-06-29
CRSF100CO+LHNSE27CO+LSHH240BC,1,2026-06-17
CRSF100CO+LHNSE27CO+LSHH240BC+ICST64E27,2,2026-06-05
CRSF100CO+LHNSE27CO+WCVCBC+ICST64E27,1,2026-06-02
CRSF100CO+PHCHPBRCO,1,2026-04-21
CRSF100CO+PHRI1PBRCO+LSDM220CO+ICST64E27,1,2026-04-15
CRSF100CO+PHRI1PBRCO+LSFT220CO,4,2026-04-10
CRSF100CO+PHRI1PBRCO+LSFT220CO+ICST64E27,1,2026-04-17
CRSF100CO+PHSH1PBRCO+LSDM220CO+LDWWE2715,1,2026-05-12
CRSF100CO+PHSH1PBRCO+LSDO300CO,1,2026-04-23
CRSF100CO+PHSH1PBRCO+LSDO300CO+LDWWE2715,1,2026-06-19
CRSF100CO+PHSH1PBRCO+LSSS300CO+LDWWE2715,1,2026-05-21
CRSF100CO+PHTT1PBRCO,5,2026-04-27
CRSF100CO+PHUP1PBRCO,1,2026-06-03
CRSF100CO+WSLS155CO+ICST64E27,3,2026-05-12
CRSF100CO+WSLS155CO+SCRN70CO+LSBG136AR,8,2026-06-03
CRSF100CO+WSLS155CO+SCRN70CO+LSFT220CO,2,2026-04-17
CRSF100CO+WSNW170CO+LSUL220RR,3,2026-05-14
CRSF100CO+WSSS70CO,4,2026-05-20
CRSF100FG+LHNSE27FG+LSMS320BI,5,2026-06-14
CRSF100FG+LHNSE27FG+LSMS320BT,1,2026-05-15
CRSF100FG+LHNSE27FG+LSMS320BU,1,2026-05-28
CRSF100FG+LHNSE27FG+LSMS320BU+ICST64E27,5,2026-06-28
CRSF100FG+LHNSE27FG+LSMS320GR,2,2026-06-25
CRSF100FG+LHNSE27FG+LSMS320GR+ICST64E27,1,2026-07-04
CRSF100FG+LHNSE27FG+LSMS320GY,2,2026-04-07
CRSF100FG+LHNSE27FG+LSMS320RE+ICST64E27,1,2026-07-02
CRSF100FG+LHNSE27FG+LSMS320YE+ICST64E27,2,2026-05-20
CRSF100FG+PHBK1PBRFG+LSCYRO300GD,5,2026-07-01
CRSF100FG+PHHT1PBRFG,2,2026-06-23
CRSF100FG+PHHT1PBRFG+WCBSF90FG,10,2026-06-11
CRSF100FG+PHMU1PBRFG+LSFT220FG,1,2026-06-08
CRSF100FG+PHRI1PBRFG+LSPG250AR,4,2026-05-22
CRSF100FG+WSIW70FG+SCRN70FG+LSPG250AR,1,2026-05-11
CRSF100FG+WSLS155FG+ICST64E2760,1,2026-04-08
CRSF100FGAPK+PHHT1PBRFGAPK,2,2026-04-17
CRSF100FGAPK+PHHT1PBRFGAPK+ICST64E27APK,3,2026-05-10
CRSF100GB,20,2026-07-03
CRSF100GB+CL3TBM+LHSHE27GB,18,2026-07-03
CRSF100GB+CL3TBR+LHSHE27GB,2,2026-06-01
CRSF100GB+CL3TWH+LHSHE27GB,1,2026-05-24
CRSF100GB+LHNSE27GB+LSDM220GB,2,2026-05-02
CRSF100GB+LHNSE27GB+LSHH240BB+ICST64E27,2,2026-05-25
CRSF100GB+PHCHPBRGB+ICST64E2740,5,2026-07-02
CRSF100GB+PHCHPBRGB+LSCY290GB+ICST64E27,7,2026-06-30
CRSF100GB+PHHA1PBRYB+LSRP260GB,20,2026-06-21
CRSF100GB+PHUP1PBRGB,42,2026-06-21
CRSF100GB+WSLS155GB,1,2026-04-15
CRSF100GB+WSLS170GB+LSFT220GB+ICST64E27,1,2026-05-12
CRSF100GB+WSST70GB,10,2026-06-13
CRSF100GB+WSST70GB+WCBNBC,3,2026-06-19
CRSF100GR+PHCH1PWRSGR,3,2026-06-23
CRSF100GR+PHCH1PWRSGR+ICST64E27,1,2026-05-11
CRSF100GR+PHCH1PWRSGR+LSHQ150GR,1,2026-06-15
CRSF100GR+PHCH1PWRSGR+LSMS320GR,2,2026-05-14
CRSF100GR+PHRB1PWRPW+LSWE315GR+ICST64E27,1,2026-05-04
CRSF100GS+LHNSE27YB+SCRN70BM+LSFT220GS,1,2026-05-10
CRSF100GS+WSWH135BM+LSHQ150GR,8,2026-06-17
CRSF100GS+WSWH135BM+LSHQ150GR+ICST64E27,1,2026-04-12
CRSF100GS+WSWH135BM+LSHQ150YE+ICST64E27,1,2026-05-17
CRSF100GY,1,2026-04-17
CRSF100GY+LHFHE2720WH+LSWE315GY,1,2026-04-29
CRSF100GY+LHTTE27GY,3,2026-07-02
CRSF100GY+PHCH1PWRSGY,2,2026-05-20
CRSF100GY+PHRB1PBRWH+LSWE315GY,2,2026-06-03
CRSF100GY+PHRB1PWRPW+CGWDWO+LSWE315GY,4,2026-05-16
CRSF100GY+WSCH135GY+LSDO210GY,3,2026-04-16
CRSF100GY+WSCH135GY+LSDO210GY+ICST64E27,2,2026-05-02
CRSF100GY2PK+PHHT1PBRGY2PK,1,2026-05-27
CRSF100GY5PK+PHHT1PBRGY5PK,1,2026-06-07
CRSF100GY5PK+PHHT1PBRGY5PK+ICST64E275PK,1,2026-05-31
CRSF100HBM+PSDS2RBM+WSCH135BM+LSDO210BM,2,2026-05-02
CRSF100HBM+PSDS2RBM+WSCH135BU+LSHQ150BU,1,2026-05-15
CRSF100HBM+PSDS2RBM+WSCH135YE+LSHQ150YE,1,2026-05-01
CRSF100HBM+WSWR1PFTBM+PSDS4RBM+RD30+WR+LDG95E274,2,2026-06-13
CRSF100HBM+WSWR1PFTBM+RD30+WR+PSDS4RBM,5,2026-05-06
CRSF100HBM+WSWS1PHTBM+PSDS2BPB+WCDCBM,1,2026-04-16
CRSF100HFG+PSDS2BPB,1,2026-04-12
CRSF100HFG+WSLS155FG+PSDS2RGD+SCRN70FG+LSFT220YB+ICST64E27,3,2026-04-24
CRSF100HGB+WSLS155GB+PSOS2BBM+SCRN70BM+LSFT220BM+ICST64E2740,4,2026-06-30
CRSF100HWH,6,2026-06-14
CRSF100HWH+PSOS2BWH+WSLS155WH+SCRN70BW+LSFT220WH+ICST64E27,2,2026-05-08
CRSF100LBM2PK,3,2026-06-12
CRSF100LBM3PK,2,2026-05-05
CRSF100LCO2PK,2,2026-04-29
CRSF100LCO3PK,1,2026-04-29
CRSF100LFG2PK,6,2026-05-30
CRSF100LRO2PK,1,2026-04-23
CRSF100LSN2PK,2,2026-06-28
CRSF100LSN3PK,4,2026-06-20
CRSF100LWH2PK,3,2026-07-02
CRSF100OFSBM,1,2026-05-31
CRSF100OR+LHTTE27OR,1,2026-07-04
CRSF100OR+PHCH1PWRSOR,12,2026-06-22
CRSF100OR+PHCH1PWRSOR+ICST64E27,4,2026-06-14
CRSF100OR+PHCH1PWRSOR+LSHQ150OR,2,2026-06-15
CRSF100OR+WSCH135OR+LSDO210OR+ICST64E27,2,2026-05-27
CRSF100OR+WSCH135OR+LSFT220OR,1,2026-05-16
CRSF100OR+WSCH135OR+LSHQ150OR,2,2026-05-10
CRSF100PI+PHCH1PWRSPI,6,2026-06-07
CRSF100PI+PHCH1PWRSPI+ICST64E27,1,2026-04-21
CRSF100PI+PHHT1PBRPI,2,2026-06-04
CRSF100PI+PHHT1PBRPI+LSFT220PI+ICST64E27,1,2026-05-23
CRSF100PI+PHHT1PWRPI,1,2026-05-07
CRSF100RE+PHCH1PWRSRE,5,2026-07-04
CRSF100RE+PHCH1PWRSRE+LSMS320RE,8,2026-06-13
CRSF100RE+PHCH1PWRSRE+LSSS300RE,3,2026-06-04
CRSF100RE+WSCH135RE+LSDO210RE,10,2026-07-05
CRSF100RE+WSCH135RE+LSHQ150RE+ICST64E27,2,2026-05-16
CRSF100RO,1,2026-04-30
CRSF100RO+LHNSE27RO+LSCY290RO,1,2026-06-23
CRSF100RO+PHCHPBRRO+WCWDRO,2,2026-05-20
CRSF100RO+PHCN1PBRRO+ICST64E27,1,2026-07-02
CRSF100RO+PHSH1PBRRO+WCLCRO+LDMT185E274,1,2026-06-05
CRSF100RO+PHTT1RORRO+WCDC10RO+ICST64E27,3,2026-04-10
CRSF100RO+WSLS155RO+ICST64E27,4,2026-07-02
CRSF100RO2PK+PHHT1PBRRO2PK,1,2026-05-15
CRSF100RO2PK+PHHT1PBRRO2PK+ICST64E272PK,1,2026-07-01
CRSF100RR+PHHT1PBRRR+WCSRRR+ICT45E2760,1,2026-06-24
CRSF100SBM+LHTTAGU10YB+LDGU10WD5,1,2026-06-23
CRSF100SN,11,2026-07-01
CRSF100SN+CL3TBM+LHSHE27SN,22,2026-07-03
CRSF100SN+CL3TBR+LHSHE27SN,5,2026-06-29
CRSF100SN+CL3TGY+LHSHE27SN,27,2026-07-01
CRSF100SN+CL3TWH+LHSHE27SN,3,2026-06-23
CRSF100SN+LHNSE27SN+LSRP260SN,2,2026-04-07
CRSF100SN+LHNSE27SN+LSSS300SN,3,2026-04-29
CRSF100SN+PHRI1PCRSN+LSDM220SN+ICST64E27,2,2026-05-14
CRSF100SN+PHRI1PCRSN+LSSS300SN,17,2026-04-17
CRSF100SN+PHRI1PCRSN+LSSS300SN+ICST64E27,4,2026-04-19
CRSF100SN+PHRI1PCRSN+LSTF40SN,12,2026-04-27
CRSF100SN+PHUP1PCRSN+ICST64E27,2,2026-05-11
CRSF100SN+WSLS155SN+ICST64E27,6,2026-06-29
CRSF100SN+WSST70SN,5,2026-04-21
CRSF100WH,71,2026-07-05
CRSF100WH+LHTPE27JWH,5,2026-06-24
CRSF100WH+LHTTE27WH,14,2026-07-01
CRSF100WH+PHCH1PCTSRE+LSDO210RE,1,2026-04-12
CRSF100WH+PHCH1PCTSYE+LSDO210YE,6,2026-05-01
CRSF100WH+PHCH1PWRSWH,1,2026-05-29
CRSF100WH+PHCH1PWRSWH+LSSS300NB,3,2026-04-26
CRSF100WH+PHCH1PWRSWH+LSSS300WH,1,2026-04-19
CRSF100WH+PHHS1PWROR+LSLT360OR+ICST64E27,13,2026-05-28
CRSF100WH+PHHS1PWRRE+LSLT360RE+ICST64E27,3,2026-06-23
CRSF100WH+PHHT1PWRBT+LSMS320BT,2,2026-05-17
CRSF100WH+PHHT1PWRGR+LSMS320GR,31,2026-07-01
CRSF100WH+PHHT1PWRGY+LSMS320GY,33,2026-06-29
CRSF100WH+PHHT1PWRWH,1,2026-05-07
CRSF100WH+PHHT1PWRYE+LSMS320YE,8,2026-06-29
CRSF100WH+PHRB1PBRWH+CGWDWO+LSWE315RE,3,2026-04-27
CRSF100WH+PHRB1PWRPW+LSDW100WH+ICST64E27,7,2026-06-15
CRSF100WH+PHRN1PCRBT+LDST45E274,1,2026-04-29
CRSF100WH+PHRN1PCRGY+LDST45E274,1,2026-05-09
CRSF100WH+PHRN1PCRLG+LDST45E274,1,2026-04-29
CRSF100WH+PHRN1PCROR+LDST45E274,2,2026-05-09
CRSF100WH+PHRN1PCRWH,2,2026-04-19
CRSF100WH+PHRN1PCRYE+LDST45E274,2,2026-05-05
CRSF100WH+PHRY1PCRGY+LDST45E274,1,2026-05-19
CRSF100WH+PHRY1PCRWH+LDST45E274,1,2026-06-12
CRSF100WH+PHRY2PCRBM+LDST45E274,1,2026-04-27
CRSF100WH+PHUP1PWRWH,8,2026-06-14
CRSF100WH+WSCH135WH+LSHQ150WH,4,2026-05-10
CRSF100WH2PK+PHCH1PWRSWH2PK,4,2026-06-16
CRSF100WH2PK+PHUP1PWRWH2PK,1,2026-05-15
CRSF100WH6PK+PHCH1PWRSWH6PK,1,2026-04-27
CRSF100YB,4,2026-07-03
CRSF100YB+CL3RBM2PK+LHSHE27YB,2,2026-05-14
CRSF100YB+CL3TBM+LHSHE27YB,2,2026-04-09
CRSF100YB+CL3TBR+LHSHE27SN,10,2026-04-28
CRSF100YB+CL3TBR+LHSHE27YB,3,2026-06-09
CRSF100YB+CL3TGD+LHSHE27YB,8,2026-07-02
CRSF100YB+LHNSE27FG+LSMS320OR,3,2026-04-20
CRSF100YB+LHNSE27YB+LSDM220YB,2,2026-06-15
CRSF100YB+LHNSE27YB+LSDO210BG,8,2026-05-09
CRSF100YB+LHNSE27YB+SCRN70YB+LSCY290BC,4,2026-07-04
CRSF100YB+LHNSE27YB+SCRN70YB+LSCY290GR,2,2026-05-06
CRSF100YB+LHNSE27YB+SCRN70YB+LSCY290RR,1,2026-06-29
CRSF100YB+LHNSE27YB+SCRN70YB+LSOL220YB,2,2026-07-03
CRSF100YB+PHAH2RYBGD+SPSPLBM+LSRP260YB,2,2026-07-03
CRSF100YB+PHBH1GDTYB,1,2026-06-17
CRSF100YB+PHBH1GDTYB+ICST64E27,4,2026-05-24
CRSF100YB+PHMH1HERYB,2,2026-04-24
CRSF100YB+PHSH1PBRYB+LSSS300YB,13,2026-05-07
CRSF100YB+PHSH1PBRYB+SCRN70YB+LSOL220YB,2,2026-05-28
CRSF100YB+PHUP1PBRYB,187,2026-06-14
CRSF100YB+WSLM150YB+LSDM220YB,5,2026-04-30
CRSF100YB+WSLS155YB,2,2026-04-09
CRSF100YB+WSLS155YB+LSGLULSG,6,2026-06-05
CRSF100YB+WSLS155YB+SCRN70YB+LSFT220WH,2,2026-05-02
CRSF100YB+WSNW170YB+LSDM220YB,8,2026-05-19
CRSF100YB+WSNW170YB+LSUL220BB,8,2026-07-01
CRSF100YB+WSNW170YB+LSUL220BC,11,2026-06-14
CRSF100YB+WSNW170YB+LSUL220BC+ICST64E27,2,2026-06-12
CRSF100YB+WSSS70YB,1,2026-04-16
CRSF100YB+WSST70YB+WCBNGD,1,2026-06-14
CRSF100YB+WSST70YB+WCBNGD+ICST64E27,1,2026-06-22
CRSF100YB2PK+PHHA1PBRYB2PK,1,2026-05-01
CRSF100YE+PHCH1PWRSYE,3,2026-06-19
CRSF100YE+PHCH1PWRSYE+LSMS320YE,5,2026-06-01
CRSF100YE+WSCH135YE+LSDO210YE,2,2026-06-13
CRSF100YE+WSCH135YE+LSHQ150YE+ICST64E27,4,2026-06-15
CRSF108BM,3,2026-06-09
CRSF108BM+HKR10BM,1,2026-04-23
CRSF108BM+LHTTE27BM,1,2026-06-30
CRSF108BM+LHTTE27BM+ICST64E27,1,2026-04-28
CRSF108BM+WSST70BM,4,2026-04-12
CRSF108BM+WSST70BM+WCLCBM+ICT130E2760,13,2026-05-22
CRSF108CH,7,2026-06-28
CRSF108CH+HKR10CH,1,2026-04-06
CRSF108CH+WCDC10CH,2,2026-06-20
CRSF108CH+WSST70CH,1,2026-05-04
CRSF108CO,4,2026-07-03
CRSF108CO+WSST70CO,4,2026-04-08
CRSF108FG+HK10FG,1,2026-05-22
CRSF108FG+WSST70FG,3,2026-04-22
CRSF108GB,1,2026-06-28
CRSF108GB+HKR10GB,1,2026-04-11
CRSF108GB+WSST70GB,39,2026-06-07
CRSF108GB+WSST70GB+ICST64E27,2,2026-06-12
CRSF108RO+HKR10CO,5,2026-04-22
CRSF108RO+WSAT105RO,3,2026-05-29
CRSF108WH+HKR10WH,1,2026-04-20
CRSF108YB+HKR10YB,8,2026-05-21
CRSF108YB+LHTKE27YB,7,2026-05-08
CRSF108YB+LHTKE27YB+LDDMST64E274,3,2026-04-12
CRSF1202BM,8,2026-06-22
CRSF1202BM+LSBY600BM,2,2026-06-05
CRSF1202BM+PHBK1PBRBA2PK,1,2026-04-30
CRSF1202BM+PHBK1PBRBA2PK+ICST64E272PK,2,2026-07-05
CRSF1202BM+PHHT2PBRBM2PK+SPUPBM2PK,11,2026-07-04
CRSF1202BM+PHRY2PCRBM2PK,2,2026-04-10
CRSF1202BM+PHRY2PCRBM2PK+LDSG125LOE2742PK,1,2026-05-09
CRSF1202CH,2,2026-07-05
CRSF1202CH+WSIW70CH2PK+WCBNCH2PK,1,2026-06-11
CRSF1202FG+PHBK1PBRFG2PK,1,2026-06-11
CRSF1202H30BM,2,2026-06-28
CRSF1202H30BM+SWCRETOGD,2,2026-05-13
CRSF1202WH,4,2026-06-05
CRSF1202WH+LHLF220E27WH2PK,1,2026-06-02
CRSF1202YB,1,2026-04-10
CRSF1202YB+HK10YB2PK,5,2026-04-08
CRSF1203BM,10,2026-05-24
CRSF1203BM+HK10BM3PK,1,2026-04-17
CRSF1203BM+PHFMHT1BRBM3PK,1,2026-05-07
CRSF1203BM+PHFMHT2BRBM3PK,4,2026-05-13
CRSF1203BM+PHRN2PCRBM3PK,2,2026-06-29
CRSF1203CH,1,2026-04-09
CRSF1203CO,1,2026-05-05
CRSF1203FG,4,2026-06-12
CRSF1203WH,1,2026-04-12
CRSF1203WH+PHTT1PWRGG3PK+SPSPWH3PK,2,2026-05-20
CRSF1203WH+PHTT1PWRGY3PK+SPSPWH3PK,1,2026-04-13
CRSF1203YB,1,2026-06-04
CRSF1203YB+HK10YB3PK,2,2026-06-04
CRSF1204BM,2,2026-05-13
CRSF1205BM+PHFMHT1BRBM5PK,1,2026-05-01
CRSF1205BM+PHFMHT2BRBM5PK,5,2026-05-14
CRSF1205BM+PHSH2PBRYB5PK+SPUPBM5PK+LSMS320BD5PK+ICST64E275PK,1,2026-04-12
CRSF1205CO,1,2026-04-27
CRSF1205GB,1,2026-06-20
CRSF1205RO,4,2026-07-05
CRSF1205RO+PHBK1PBRRO5PK+ICST64E275PK,1,2026-05-11
CRSF1206BM,1,2026-05-05
CRSF1206BM+PHBL2PBRBM6PK+SPUPBM6PK,4,2026-07-03
CRSF1206BM+PHRY2PCRBM6PK+ICST64E276PK,1,2026-04-14
CRSF1206BM+PHTT1PBR3BM2PK+LSWT300BM2PK,2,2026-05-19
CRSF1206SN,1,2026-04-13
CRSF1207BM,4,2026-06-24
CRSF1208BM+PHFMHT2BRBM8PK,3,2026-05-13
CRSF1208BM+PHFMHT2BRBM8PK+CO532AGY3PK,2,2026-05-19
CRSF1208CO,1,2026-05-13
CRSF1208WH+PHRY1PCRWH8PK,1,2026-05-20
CRSF1208WH+PHRY1PCRWH8PK+ICG95E27608PK,2,2026-06-04
CRSF1209BM,2,2026-06-24
CRSF1209RO+PHBK1PBRRO9PK+ICST64E279PK,1,2026-04-28
CRSF120BC+PHCH1PBRBC+SCRN70BC+LSWD360BC,4,2026-05-14
CRSF120BM,11,2026-07-02
CRSF120BM+HK10BM,1,2026-05-19
CRSF120BM+PHSH1PBRYB+WCLCBM+LDST185E274,5,2026-04-08
CRSF120BM+SPUPBM+PHBL2PBRBM,1,2026-04-27
CRSF120CH+PHRI1PCRCH+LSFT220CH,1,2026-04-24
CRSF120CO,1,2026-05-17
CRSF120OSBM,1,2026-06-21
CRSF120YB+LHNSE27YB+SCRN70YB+LSCY290BC,9,2026-06-19
CRSF120YB+LHNSE27YB+SCRN70YB+LSCY290BS,3,2026-05-02
CRSF120YB+LHNSE27YB+SCRN70YB+LSCY290RR,1,2026-06-03
CRSF120YB+WSRH230YB+LSCY290GR,2,2026-06-24
CRSF120YB+WSRH230YB+LSMS320BT+ICST64E27,2,2026-04-25
CRSF120YB+WSRH230YB+LSMS320CB,7,2026-05-25
CRSF120YB+WSRH230YB+LSMS320GR,4,2026-05-24
CRSF120YB+WSRH230YB+LSMS320GY,3,2026-05-13
CRSF120YB+WSRH230YB+LSMS320OR,2,2026-06-19
CRSF120YB+WSRH230YB+LSMS320OR+ICST64E27,5,2026-04-23
CRSF120YB+WSRH230YB+LSMS320WH,8,2026-06-18
CRSF120YB+WSRH230YB+LSPG250AR,4,2026-06-08
CRSF120YB+WSRH230YB+LSPG250AR+ICST64E2740,25,2026-07-05
CRSF125BM,1,2026-04-18
CRSF125BM+WSAT105BM,6,2026-06-11
CRSF125BM+WSAT105BM+ICST64E27,4,2026-06-09
CRSF125CH+WSAT105CH+ICST64E27,2,2026-05-03
CRSF125CO,2,2026-07-04
CRSF125CO+WSAT105CO,10,2026-05-09
CRSF125CO+WSAT105CO+ICST64E27,2,2026-04-29
CRSF125RO+WSIW70RO+ICST64E27,5,2026-07-02
CRSF125SN,3,2026-04-20
CRSF125SN+WSAT105SN,3,2026-05-18
CRSF125YB+WSAT105YB,32,2026-05-18
CRSF2003BB,1,2026-05-09
CRSF2003BB+PHCH1PBRBB3PK+LSTF40BB3PK,1,2026-07-04
CRSF2003BC,1,2026-06-27
CRSF2003BM,4,2026-07-01
CRSF2003BM+PHHN1PBRGD3PK+LSDO210OR3PK,1,2026-07-04
CRSF2003BM+PHIH1PBRYB3PK+LSOL180BG3PK,1,2026-05-23
CRSF2003BM+PHRB1PBR40BM3PK+LSBS160BU3PK,1,2026-06-19
CRSF2003BM+PHRI1PBRFG3PK+LSBG136AR3PK,1,2026-04-16
CRSF2003BM+PHSH1PBRYB3PK+SCRN70BM3PK+LSDO210BI3PK+ICST64E273PK,2,2026-05-07
CRSF2003BM+PHTT1PBR5BM3PK+WCCEBM3PK_P,1,2026-05-14
CRSF2003BM+WCCY1ROBM3PK,2,2026-05-02
CRSF2003BM+WCFS1SEBM3PK+ICST64E273PK,1,2026-07-03
CRSF2003BM+WCRN3CBM3PK+ICST64E273PK,2,2026-06-19
CRSF2003BM+WCRNBM3PK+ICST64E273PK,1,2026-06-14
CRSF2003BM+WCSC1BM3PK,2,2026-04-10
CRSF2003CH,1,2026-04-28
CRSF2003CH+WCCY1ROCH3PK+LDDTCE27123PK,1,2026-04-22
CRSF2003CO+PHHN1PBRCO3PK+LSDO210BM3PK,1,2026-04-28
CRSF2003FG+LHNSE27FG3PK,1,2026-06-08
CRSF2003FG+PHHT1PBRFG3PK+SCRN70FG3PK+LSFT220FG3PK,1,2026-06-08
CRSF2003RO,4,2026-06-01
CRSF2003RO+PHCN1PBRRO3PK+LSGG200AR3PK,1,2026-04-18
CRSF2003RR,1,2026-04-20
CRSF2003SN,2,2026-04-20
CRSF2003SN+PHSF1BWRSN3PK,1,2026-04-19
CRSF2003WH,4,2026-06-08
CRSF2003WH+PHCH1PWRSBL3PK+WCDTBL3PK,1,2026-04-29
CRSF2003WH+PHCH1PWRSWH3PK+WCB5WH3PK,1,2026-06-02
CRSF2003WH+PHHT1PWRWH3PK+WCDTWH3PK+ICST64E273PK,2,2026-05-16
CRSF2003YB+PHHN1PBRGD3PK+LSGG200AR3PK,1,2026-04-11
CRSF2003YB+PHRI1PBRYB3PK+LSFG210AR3PK,3,2026-06-28
CRSF2003YB+PHSF1BMTYB3PK,2,2026-04-07
CRSFM210080YB,1,2026-06-24
CRSFR80BM,34,2026-07-05
CRSFR80CO,6,2026-06-29
CRSFR80YB,2,2026-06-11
CSBEB13BM,1,2026-06-16
ENC10057,1,2026-07-05
ENC1048,3,2026-04-24
ENC1052,4,2026-04-16
ENC1101,2,2026-05-07
ENC1260,2,2026-06-14
ENC127,2,2026-05-21
ENC1293,6,2026-05-13
ENC1312,21,2026-06-24
ENC1313,25,2026-07-05
ENC1412,1,2026-04-18
ENC1470,4,2026-05-22
ENC1598,1,2026-04-11
ENC1599,1,2026-05-17
ENC1601,1,2026-04-11
ENC1680,4,2026-06-23
ENC1775,4,2026-05-22
ENC1890,2,2026-06-29
ENC1983,2,2026-04-21
ENC1985,3,2026-06-01
ENC1988,1,2026-04-19
ENC1989,1,2026-05-09
ENC1991,16,2026-07-01
ENC1992,12,2026-06-30
ENC2002,1,2026-06-30
ENC2005,12,2026-05-20
ENC2041,1,2026-06-17
ENC2077,1,2026-04-15
ENC2080,32,2026-06-04
ENC2180,1,2026-05-11
ENC2200,1,2026-05-28
ENC2201,1,2026-05-23
ENC2217,2,2026-06-07
ENC2218,1,2026-06-14
ENC2219,1,2026-06-22
ENC2224,1,2026-06-10
ENC2240,1,2026-06-23
ENC230,1,2026-06-02
ENC2372,1,2026-05-26
ENC2377,1,2026-06-17
ENC2380,1,2026-04-20
ENC2382,2,2026-06-04
ENC2393,1,2026-06-13
ENC2476,1,2026-04-15
ENC2499,1,2026-04-27
ENC2506,1,2026-05-31
ENC2714,1,2026-05-04
ENC2716,1,2026-07-05
ENC2780,1,2026-04-17
ENC2830,2,2026-05-28
ENC2836,1,2026-05-22
ENC2946,1,2026-04-13
ENC2971,1,2026-05-17
ENC2972,1,2026-05-17
ENC3250,1,2026-04-23
ENC3287,1,2026-06-09
ENC3290,2,2026-06-06
ENC3292,1,2026-04-11
ENC3336,1,2026-04-25
ENC338,2,2026-05-08
ENC341,2,2026-04-10
ENC3489,1,2026-06-07
ENC3490,12,2026-07-03
ENC3493,1,2026-04-26
ENC3516,2,2026-07-01
ENC3517,23,2026-07-05
ENC3535,1,2026-05-04
ENC3536,2,2026-05-01
ENC3537,2,2026-07-05
ENC3538,1,2026-04-10
ENC3550,4,2026-07-04
ENC3595,1,2026-06-18
ENC3596,1,2026-07-03
ENC3667,1,2026-04-13
ENC3734,2,2026-06-10
ENC3735,2,2026-05-31
ENC3819,4,2026-06-10
ENC3849,27,2026-06-27
ENC385,3,2026-06-30
ENC3935,2,2026-05-02
ENC4028,20,2026-06-28
ENC4037,16,2026-07-02
ENC4043,1,2026-04-20
ENC4125,2,2026-04-28
ENC42,12,2026-06-12
ENC4254,1,2026-04-09
ENC4274,1,2026-07-01
ENC4298,1,2026-05-07
ENC4301,1,2026-05-16
ENC4321,1,2026-04-27
ENC4344,1,2026-06-03
ENC4347,2,2026-04-11
ENC4372,2,2026-05-09
ENC4396,1,2026-05-02
ENC4399,1,2026-04-13
ENC4406,2,2026-06-30
ENC4408,3,2026-05-11
ENC4411,4,2026-05-21
ENC4412,1,2026-05-06
ENC4429,1,2026-05-13
ENC4431,3,2026-04-30
ENC4447,7,2026-07-05
ENC4449,6,2026-07-01
ENC4512,1,2026-04-21
ENC4538,1,2026-07-05
ENC459,1,2026-07-05
ENC4622,1,2026-05-27
ENC4646,1,2026-04-25
ENC4657,1,2026-04-14
ENC4658,3,2026-05-18
ENC4661,1,2026-06-02
ENC4662,2,2026-05-22
ENC4754,1,2026-05-27
ENC4865,1,2026-05-29
ENC4989,1,2026-06-21
ENC5053,2,2026-05-28
ENC5100,2,2026-06-30
ENC5148,2,2026-06-27
ENC5166,1,2026-04-27
ENC5167,3,2026-05-03
ENC5201,2,2026-05-17
ENC5247,1,2026-06-19
ENC5262,2,2026-05-04
ENC5316,1,2026-07-05
ENC5318,3,2026-07-05
ENC5319,2,2026-07-04
ENC5327,4,2026-06-24
ENC5437,2,2026-07-02
ENC5523,2,2026-07-03
ENC5526,1,2026-05-12
ENC5531,2,2026-05-31
ENC5533,2,2026-06-05
ENC5535,3,2026-07-01
ENC5545,1,2026-06-28
ENC5549,1,2026-05-08
ENC5553,2,2026-05-13
ENC5563,2,2026-05-11
ENC5577,3,2026-06-01
ENC5579,6,2026-04-27
ENC5582,5,2026-07-05
ENC5583,2,2026-06-30
ENC5589,1,2026-04-18
ENC5591,1,2026-07-04
ENC5605,1,2026-06-05
ENC5647,2,2026-06-21
ENC5656,5,2026-05-19
ENC5657,9,2026-06-27
ENC5659,1,2026-05-04
ENC5673,1,2026-05-07
ENC5706,1,2026-06-29
ENC5732,3,2026-05-05
ENC5747,5,2026-06-16
ENC5775,1,2026-05-03
ENC5873,1,2026-06-01
ENC5880,1,2026-05-19
ENC5886,2,2026-05-11
ENC5888,2,2026-06-14
ENC5944,1,2026-05-20
ENC5945,3,2026-06-09
ENC5946,1,2026-05-23
ENC5952,1,2026-04-15
ENC5953,1,2026-05-15
ENC6038,1,2026-05-24
ENC6041,5,2026-07-03
ENC6042,1,2026-06-15
ENC608,2,2026-06-11
ENC6087,2,2026-05-17
ENC6136,1,2026-04-09
ENC616,2,2026-05-18
ENC6172,3,2026-06-10
ENC6187,8,2026-04-27
ENC6193,4,2026-05-20
ENC6196,4,2026-06-12
ENC6199,3,2026-04-24
ENC621,1,2026-07-05
ENC6321,2,2026-06-04
ENC6322,1,2026-05-19
ENC6341,3,2026-05-31
ENC6345,8,2026-04-16
ENC6368,3,2026-06-17
ENC6459,8,2026-04-23
ENC6461,1,2026-05-09
ENC6479,3,2026-05-29
ENC6481,1,2026-05-19
ENC6482,2,2026-07-04
ENC6484,10,2026-07-02
ENC6507,5,2026-07-05
ENC6524,3,2026-05-30
ENC6534,1,2026-06-12
ENC6535,1,2026-06-23
ENC6588,8,2026-07-03
ENC6592,28,2026-06-30
ENC6594,14,2026-05-23
ENC670,2,2026-04-08
ENC683,2,2026-04-18
ENC685,11,2026-07-05
ENC6929,2,2026-06-25
ENC6951,1,2026-04-09
ENC6963,1,2026-04-30
ENC6968,3,2026-06-18
ENC6971,2,2026-05-18
ENC6972,4,2026-06-14
ENC6974,1,2026-06-07
ENC6986,1,2026-05-08
ENC7093,3,2026-04-22
ENC7224,7,2026-05-28
ENC7311,1,2026-06-24
ENC7316,1,2026-04-12
ENC7322,1,2026-04-25
ENC7394,1,2026-06-23
ENC7439,1,2026-04-16
ENC7448,3,2026-07-03
ENC7454,8,2026-05-02
ENC7457,7,2026-05-11
ENC7458,4,2026-04-26
ENC7459,5,2026-05-03
ENC7471,6,2026-06-25
ENC7472,26,2026-07-03
ENC7498,19,2026-06-28
ENC7499,24,2026-06-17
ENC7500,8,2026-06-06
ENC7502,2,2026-06-02
ENC7547,3,2026-05-22
ENC7581,1,2026-06-15
ENC7673,22,2026-04-19
ENC7747,1,2026-06-07
ENC7786,11,2026-06-30
ENC780,4,2026-06-28
ENC783,3,2026-06-24
ENC784,5,2026-06-28
ENC7849,8,2026-06-17
ENC785,8,2026-07-04
ENC7850,9,2026-07-02
ENC7859,1,2026-05-07
ENC7860,4,2026-05-12
ENC7887,1,2026-05-01
ENC7890,1,2026-06-20
ENC7917,4,2026-05-04
ENC7934,4,2026-07-01
ENC8009,2,2026-06-15
ENC8034,1,2026-06-28
ENC8037,6,2026-06-02
ENC8046,64,2026-06-30
ENC8051,16,2026-06-26
ENC8066,1,2026-06-17
ENC8067,1,2026-04-23
ENC8071,1,2026-05-14
ENC8072,3,2026-05-04
ENC8078,1,2026-05-30
ENC8079,1,2026-06-08
ENC809,2,2026-04-29
ENC8188,2,2026-06-09
ENC8256,4,2026-06-21
ENC8257,5,2026-04-21
ENC826,1,2026-05-14
ENC8274,1,2026-06-04
ENC8275,4,2026-07-05
ENC8293,1,2026-05-27
ENC8295,1,2026-06-18
ENC830,1,2026-04-10
ENC831,1,2026-07-02
ENC8314,12,2026-06-29
ENC8316,1,2026-06-06
ENC8333,26,2026-06-27
ENC8334,2,2026-05-29
ENC8335,2,2026-04-17
ENC8364,1,2026-04-30
ENC8374,1,2026-05-14
ENC8391,7,2026-04-21
ENC8401,2,2026-06-05
ENC8402,6,2026-06-30
ENC8516,3,2026-05-06
ENC8523,3,2026-04-11
ENC8611,1,2026-07-05
ENC8613,4,2026-04-14
ENC8773,1,2026-06-05
ENC8774,2,2026-04-25
ENC8809,1,2026-06-23
ENC882,3,2026-05-29
ENC883,3,2026-06-17
ENC8844,3,2026-06-25
ENC8853,1,2026-07-04
ENC8863,3,2026-05-07
ENC888,6,2026-06-09
ENC8898,1,2026-07-01
ENC8900,3,2026-05-12
ENC891,4,2026-05-06
ENC8910,2,2026-06-22
ENC8911,3,2026-05-18
ENC8912,2,2026-06-14
ENC8926,1,2026-06-21
ENC8927,1,2026-06-06
ENC8938,9,2026-05-11
ENC897,3,2026-05-06
ENC8981,1,2026-05-21
ENC8988,1,2026-05-12
ENC904,1,2026-06-24
ENC9047,1,2026-04-22
ENC905,1,2026-06-03
ENC9067,2,2026-05-21
ENC9078,2,2026-07-01
ENC9107,3,2026-04-16
ENC9189,4,2026-07-02
ENC92,3,2026-05-28
ENC9240,6,2026-06-23
ENC9243,8,2026-06-09
ENC9273,6,2026-06-30
ENC9307,21,2026-07-05
ENC9313,16,2026-07-05
ENC9314,5,2026-06-09
ENC9339,5,2026-04-29
ENC9386,1,2026-06-09
ENC9423,4,2026-05-27
ENC9428,1,2026-04-23
ENC9436,5,2026-04-27
ENC9437,1,2026-04-23
ENC9452,2,2026-06-30
ENC9453,16,2026-06-28
ENC9455,5,2026-06-07
ENC9458,1,2026-05-24
ENC9459,24,2026-07-05
ENC9462,2,2026-06-08
ENC9464,1,2026-06-22
ENC9465,1,2026-06-10
ENC9522,1,2026-05-21
ENC9549,9,2026-06-22
ENC9550,10,2026-06-24
ENC9561,13,2026-06-04
ENC9574,8,2026-06-10
ENC9591,2,2026-04-25
ENC9593,1,2026-04-25
ENC9596,3,2026-06-27
ENC9623,1,2026-05-18
ENC963,1,2026-05-22
ENC9725,2,2026-07-03
ENC9734,2,2026-05-30
ENC9761,1,2026-04-07
ENC9762,1,2026-04-28
ENC9765,1,2026-06-04
ENC9766,8,2026-06-27
ENC9771,16,2026-06-30
ENC9777,3,2026-06-28
ENC982,1,2026-05-24
ENC9830,1,2026-07-05
ENC9947,4,2026-06-25
ENC9948,4,2026-06-01
ENC9949,1,2026-05-08
ENC9950,1,2026-06-14
ENC999,1,2026-04-25
ENC9997,4,2026-05-21
FCB209A4BLGPK,1,2026-04-29
FCB209A4YEGPK,1,2026-05-01
FCBSBA4YEGPK,1,2026-06-30
FWS443BL,1,2026-06-09
FWS445BM,1,2026-06-22
HBGF090MAP,2,2026-04-23
HBGF730MAP,1,2026-06-29
HBGF741MAP,3,2026-06-30
HK10BM,22,2026-06-01
HK10CH,2,2026-06-05
HK10CO,1,2026-06-04
HK10FG2PK,1,2026-06-17
HK10GB,4,2026-06-01
HK10RO,1,2026-06-10
HK10WH,4,2026-06-28
HK10YB,1,2026-05-09
HKR10FG,2,2026-07-04
HKR10GB,2,2026-06-26
HKR10WH,5,2026-05-17
HLCH128BM,1,2026-05-05
HLLK100BM,23,2026-06-20
HLLK100BM2PK,1,2026-05-05
HLRK35BM,1,2026-05-05
HLRK45BM2PK,1,2026-07-05
HLRK45BM3PK,32,2026-07-05
HLSC96BM2PK,1,2026-06-09
HLSC96BM3PK,1,2026-04-27
HRE2738BM,17,2026-06-22
HRE2738WH,6,2026-06-22
ICG95B22402PK,6,2026-06-22
ICG95E2740,1,2026-06-12
ICT45B2260,2,2026-06-25
IMBLCPK,1,2026-04-21
IMBLFPK,6,2026-05-18
IMCW,7,2026-05-09
IMCWAPK,4,2026-06-10
IMCWCPK,15,2026-06-16
IMCWFPK,44,2026-06-10
IMGRAPK,1,2026-05-31
IMGRCPK,2,2026-04-23
IMGRFPK,1,2026-06-17
IMRE,44,2026-07-04
IMREAPK,1,2026-05-10
IMRECPK,3,2026-05-05
IMRG,1,2026-04-18
IMRGAPK,2,2026-06-19
IMRGCPK,7,2026-05-17
IMRGFPK,5,2026-06-30
IMWWAPK,4,2026-06-10
IMWWFPK,13,2026-07-01
LBT1RBYE2PK,1,2026-05-07
LBT3500BL,1,2026-04-09
LBT5400GY,2,2026-05-20
LCCA2C,6,2026-05-27
LCPC2C,2,2026-06-05
LDCCB2210,13,2026-06-06
LDCCB2215,14,2026-07-02
LDCCB2220,4,2026-06-18
LDCCB225,2,2026-04-12
LDCCE2710,23,2026-05-28
LDCCE2715,19,2026-07-01
LDCCE2720,35,2026-06-27
LDCCE275,15,2026-07-01
LDCWA55B2256PK,4,2026-05-13
LDCWA60HB227,90,2026-05-24
LDCWA60HB2275PK,3,2026-04-28
LDCWA60HB2276PK,1,2026-04-11
LDCWA60HB2296PK,3,2026-05-30
LDCWA60HE2796PK,9,2026-06-03
LDCWA65HB2215,1,2026-04-15
LDCWA65HB22152PK,3,2026-06-12
LDCWA65HB22155PK,2,2026-06-12
LDCWA65HB22156PK,2,2026-05-19
LDCWA65HB2215APK,12,2026-06-15
LDCWA95B22226PK,3,2026-07-05
LDCWB22153PK,1,2026-06-04
LDCWB225,3,2026-04-11
LDCWE2715,17,2026-05-27
LDCWE27155PK,2,2026-04-26
LDCWE2718,8,2026-07-01
LDCWE27182PK,4,2026-05-27
LDCWE2718APK,1,2026-05-01
LDCWE2725,8,2026-05-20
LDCWE27252PK,1,2026-07-01
LDCWE2725APK,5,2026-07-01
LDCWGU1076PK,1,2026-06-23
LDCWT75B2212,20,2026-07-04
LDCWT75B22122PK,5,2026-06-28
LDCWT75B22123PK,10,2026-07-04
LDCWT75B22125PK,1,2026-05-13
LDCWT75B22126PK,2,2026-04-15
LDCWT75B2212APK,2,2026-04-12
LDDCWE143,6,2026-06-16
LDDCWE2724,8,2026-05-07
LDDCWE27243PK,5,2026-04-28
LDDCWE27245PK,3,2026-04-25
LDDRWB2242PK,1,2026-05-11
LDDRWB224APK,1,2026-05-18
LDDTCE1430,2,2026-06-24
LDDTCE2716,2,2026-06-24
LDDTCE27162PK,2,2026-05-09
LDDTCE27163PK,2,2026-04-08
LDDTCROE2752PK,1,2026-06-28
LDDTCROE2754PK,3,2026-07-05
LDDTCROE275APK,2,2026-05-11
LDDTDRE14123PK,3,2026-05-10
LDDTDRE14125PK,1,2026-07-04
LDDTFLB2212,5,2026-06-26
LDDTFLB22123PK,1,2026-05-16
LDDTFLE14122PK,1,2026-06-05
LDDTFLE14123PK,6,2026-04-21
LDED105E273,5,2026-05-31
LDED110E273,4,2026-06-09
LDED64E273,1,2026-06-04
LDED75E273,8,2026-06-27
LDED95E273,4,2026-05-31
LDEDG125E273,2,2026-06-10
LDEG80E273,8,2026-06-27
LDEG80E2733PK,1,2026-06-16
LDEG95E273,4,2026-05-13
LDEXS40E273,9,2026-06-27
LDG4D10C25PK,3,2026-05-10
LDG4D24W32PK,1,2026-05-10
LDG4D24W35PK,21,2026-06-25
LDG4D28C35PK,6,2026-05-15
LDG80B224,5,2026-06-03
LDG9D33C32PK,1,2026-04-30
LDG9D33C33PK,1,2026-04-09
LDG9D33C35PK,2,2026-06-19
LDG9D51C5APK,1,2026-06-21
LDGU10WW5,1,2026-04-11
LDGU10WW52PK,9,2026-06-28
LDGU10WW55PK,8,2026-07-04
LDLIE27BO8,4,2026-04-10
LDLIE27FW4,4,2026-06-11
LDLIE27HE4,4,2026-05-13
LDLIE27RD4,2,2026-04-10
LDLIE27RS4,5,2026-06-11
LDLIE27SQ4,2,2026-04-10
LDLIE27SR4,4,2026-05-18
LDLIE27SR8,3,2026-05-03
LDLIE27ST4,2,2026-04-10
LDLIE27TR4,2,2026-04-10
LDLIE27XM8,3,2026-05-13
LDMA60B224CW,4,2026-04-14
LDMA60E274,65,2026-05-10
LDMA60E274WW,95,2026-06-30
LDMA60E274WW2PK,9,2026-07-05
LDMA60E274WW3PK,14,2026-07-04
LDMA60E274WW5PK,7,2026-07-02
LDMA60E274WW6PK,13,2026-07-04
LDMA60E274WWAPK,32,2026-07-05
LDMA60E278WW,47,2026-07-05
LDMA60E278WW2PK,32,2026-06-15
LDMA60E278WW3PK,12,2026-06-17
LDMA60E278WW5PK,7,2026-07-05
LDMA60E278WW6PK,5,2026-05-21
LDMA60E278WWAPK,20,2026-07-04
LDMC35E142,81,2026-06-17
LDMC35E144,185,2026-07-05
LDMG125B228,36,2026-06-24
LDMG125E278,36,2026-06-30
LDMG125E2782PK,19,2026-07-04
LDMG125E2783PK,9,2026-07-02
LDMG125E2785PK,7,2026-06-29
LDMG125E2786PK,11,2026-07-02
LDMG125E278APK,9,2026-06-23
LDMG80B224,26,2026-07-01
LDMG80E274,19,2026-07-05
LDMG80E2742PK,8,2026-07-03
LDMG80E2743PK,6,2026-07-02
LDMG80E2745PK,4,2026-06-12
LDMG80E2746PK,16,2026-06-27
LDMG80E274APK,12,2026-06-17
LDMG95B224,70,2026-07-05
LDMG95B2242PK,2,2026-06-22
LDMG95B2243PK,1,2026-07-05
LDMG95B2245PK,1,2026-04-12
LDMG95B2246PK,16,2026-07-01
LDMG95B228,38,2026-07-04
LDMG95E274,68,2026-07-05
LDMG95E2742PK,3,2026-06-25
LDMG95E2743PK,13,2026-07-02
LDMG95E2744PK,7,2026-06-16
LDMG95E2745PK,1,2026-06-14
LDMG95E2746PK,35,2026-06-30
LDMG95E274APK,3,2026-06-14
LDMG95E278,83,2026-07-05
LDMG95E2782PK,30,2026-07-05
LDMG95E2783PK,35,2026-07-05
LDMG95E2784PK,12,2026-06-16
LDMG95E2785PK,4,2026-06-29
LDMG95E2786PK,48,2026-07-05
LDMG95E2787PK,2,2026-04-24
LDMG95E2788PK,3,2026-06-08
LDMG95E2789PK,1,2026-05-01
LDMG95E278APK,27,2026-06-30
LDMS14E271W,92,2026-07-05
LDMST64B224,39,2026-07-04
LDMST64B2243PK,10,2026-07-05
LDMST64B2245PK,2,2026-05-31
LDMST64B228,22,2026-07-05
LDMST64E274,476,2026-07-05
LDMST64E2742PK,9,2026-06-05
LDMST64E2743PK,12,2026-07-02
LDMST64E2745PK,27,2026-07-04
LDMST64E2746PK,47,2026-06-29
LDMST64E274APK,21,2026-07-01
LDMST64E274IPK,6,2026-06-24
LDMST64E276,13,2026-06-30
LDMST64E2762PK,1,2026-06-16
LDMST64E2763PK,2,2026-06-28
LDMST64E2765PK,1,2026-06-28
LDMST64E2766PK,5,2026-07-01
LDMST64E276APK,2,2026-07-05
LDMST64E278,70,2026-07-04
LDMST64E2782PK,11,2026-07-03
LDMST64E2783PK,28,2026-07-05
LDMST64E2785PK,3,2026-06-21
LDMST64E2786PK,188,2026-07-05
LDMST64E2788PK,1,2026-06-11
LDMST64E278APK,30,2026-07-02
LDMT185B224,20,2026-07-05
LDMT185E273,8,2026-06-09
LDMT185E2732PK,2,2026-06-02
LDMT185E2733PK,1,2026-05-18
LDMT185E2735PK,3,2026-06-15
LDMT185E2736PK,15,2026-05-23
LDMT185E274,4,2026-06-29
LDMT45B224,51,2026-07-03
LDMT45B2242PK,4,2026-06-30
LDMT45B2243PK,3,2026-06-30
LDMT45B2244PK,2,2026-05-14
LDMT45B2245PK,1,2026-06-11
LDMT45B2246PK,1,2026-06-06
LDMT45B2249PK,1,2026-05-15
LDMT45B224APK,2,2026-06-15
LDMT45E274,61,2026-06-21
LDMT45E2743PK,5,2026-07-01
LDMT45E2746PK,7,2026-07-05
LDMT45E274APK,3,2026-06-21
LDSG1001E27,11,2026-05-25
LDSG1001E272PK,2,2026-05-22
LDSG1001E273PK,1,2026-05-10
LDSG1001E276PK,4,2026-05-13
LDSG1007E27,3,2026-06-21
LDSG1007E273PK,3,2026-05-25
LDSG1007E276PK,1,2026-04-08
LDSG125E274,47,2026-06-29
LDSG125LOE274,66,2026-06-29
LDSG125MUE274,64,2026-07-04
LDSG95DIE274,120,2026-07-04
LDSG95E274,96,2026-07-04
LDSHEAE274,41,2026-06-26
LDSHEAE2743PK,2,2026-04-25
LDSST64E274,114,2026-07-03
LDSSTRE274,69,2026-07-04
LDST185E274,30,2026-06-27
LDST45E274,57,2026-06-29
LDST45E2743PK,2,2026-05-07
LDT185E274,5,2026-06-27
LDWWE2712,23,2026-07-01
LDWWE2715,2,2026-04-10
LDWWE2718,3,2026-06-07
LDWWE27182PK,10,2026-06-20
LDWWE27185PK,1,2026-07-05
LDWWE27252PK,2,2026-06-27
LDWWE27253PK,2,2026-05-24
LDWWE27255PK,1,2026-04-19
LDWWE27256PK,1,2026-05-21
LDWWE2725APK,1,2026-05-21
LHAHE27BM,11,2026-06-27
LHAHE27CO,6,2026-06-15
LHAHE27GB,2,2026-04-25
LHBBE27CH,1,2026-04-20
LHBGE27BM,41,2026-06-20
LHBGE27BM3PK,6,2026-05-21
LHBGE27BM5PK,3,2026-07-05
LHBGE27BMAPK,2,2026-05-28
LHBHE27RO,2,2026-06-19
LHBPE27BM,12,2026-06-28
LHBPE27BM+CGMLBM,6,2026-06-29
LHBPE27BM+CGMLGR,26,2026-06-04
LHBPE27BM3PK,1,2026-05-23
LHBPE27BMAPK,5,2026-05-28
LHBPE27BMAPK+CGMLBMAPK,2,2026-06-29
LHBRE14BM,2,2026-06-25
LHBRE14BM3PK,2,2026-05-05
LHBRE14BM5PK,5,2026-05-13
LHBRE14BM6PK,1,2026-04-25
LHBRE14BMAPK,1,2026-07-02
LHBRE27BM,9,2026-06-28
LHBRE27BM+CGMLBM,3,2026-07-05
LHBRE27BM3PK,1,2026-04-13
LHBRE27BM3PK+CGMLBM3PK,1,2026-07-03
LHBRE27BM5PK+CGMLBM5PK,1,2026-04-20
LHBRE27BM6PK,1,2026-04-20
LHBRE27BMAPK,1,2026-06-25
LHC1E27WH,33,2026-06-15
LHC2E27WH,1,2026-04-21
LHC3E27WH,70,2026-07-01
LHC3E27WH3PK,1,2026-05-21
LHC4E27WH,2,2026-06-29
LHC5E27WH,2,2026-06-04
LHC5E27WH3PK,1,2026-05-13
LHC5E27WH5PK,1,2026-05-24
LHC5E27WHAPK,2,2026-06-07
LHC6E27WH,102,2026-06-17
LHC6E27WH5PK,1,2026-04-06
LHC6E27WHAPK,1,2026-04-13
LHCCE27WH,8,2026-06-05
LHCCE27YE+CGMLBM,4,2026-05-25
LHCNE27BY,1,2026-06-04
LHCTOCO,9,2026-07-01
LHCTOFG,6,2026-06-02
LHCTOSN,215,2026-07-03
LHCTOYB,58,2026-06-30
LHDHE27BN,23,2026-06-19
LHDHE27CO,5,2026-07-01
LHDHE27RO,10,2026-07-05
LHEDE27GD,11,2026-06-28
LHELB22GD,9,2026-06-11
LHGU10CY,5,2026-06-01
LHGU10SK,90,2026-06-10
LHHGE27BM2PK,3,2026-06-06
LHHTE27BM,5,2026-04-11
LHLFE275BM,1,2026-06-06
LHNHE27BY,3,2026-05-16
LHNSE27BM,4,2026-04-27
LHNSE27GB,1,2026-06-23
LHNSE27WH,1,2026-04-28
LHPHE27YB,1,2026-04-15
LHPOE27BM,67,2026-06-04
LHPOE27FG,4,2026-06-01
LHPOE27SN,4,2026-04-22
LHPOE27YB,7,2026-05-06
LHPVE27BM,4,2026-07-01
LHPVE27BM3PK,3,2026-07-01
LHPVE27BMAPK,4,2026-06-21
LHRBE27BM,10,2026-07-05
LHRBE27BM3PK,3,2026-06-02
LHRBE27BM5PK,6,2026-06-11
LHRBE27BMAPK,2,2026-05-29
LHRBE27WH,13,2026-07-04
LHRBE27WH2PK,1,2026-06-26
LHRBE27WH3PK,8,2026-06-05
LHRBE27WHAPK,1,2026-05-28
LHRFE27BM,4,2026-06-23
LHRFE27BM2PK,3,2026-06-21
LHRFE27WH2PK,1,2026-05-18
LHRIE14BM,9,2026-07-03
LHRIE14BM3PK,2,2026-07-03
LHRIE14BMAPK,1,2026-04-20
LHRIE14WH,46,2026-07-05
LHRIE14WH3PK,1,2026-04-08
LHRIE14WH5PK,3,2026-06-06
LHRIE14WH6PK,1,2026-04-19
LHRIE14WHAPK,1,2026-07-05
LHRIE27BM+CGMLBM,82,2026-06-22
LHRIE27BM3PK+CGMLBM3PK,2,2026-06-06
LHRIE27BM5PK+CGMLBM5PK,30,2026-06-30
LHRIE27BMAPK+CGMLBMAPK,3,2026-06-03
LHRIE27WH+CGMLWH,8,2026-06-25
LHRIE27WH5PK+CGMLWH5PK,18,2026-07-03
LHRRE27WH,20,2026-06-27
LHRTE27BM,16,2026-07-02
LHRTE27BM3PK,8,2026-06-05
LHRTE27WH,25,2026-06-30
LHRTE27WH3PK,4,2026-06-28
LHRTE27WH5PK,1,2026-07-05
LHRTE27WHAPK,3,2026-06-04
LHS5E27BY,9,2026-06-11
LHS9E27BY,21,2026-05-29
LHS9E27SN,8,2026-04-22
LHSBE27BM,3,2026-06-20
LHSBE27BM5PK,2,2026-05-19
LHSBE27BMAPK,1,2026-06-27
LHSHE27BA,71,2026-07-05
LHSHE27BN,49,2026-06-27
LHSHE27BY,3,2026-07-03
LHSHE27CH,38,2026-06-04
LHSHE27CO,64,2026-07-05
LHSHE27FG,34,2026-06-23
LHSHE27GB,93,2026-07-02
LHSHE27RO,4,2026-05-15
LHSHE27SN,46,2026-07-05
LHSHE27WH,15,2026-06-26
LHSHE27YB,20,2026-07-04
LHSPE27CO,6,2026-06-30
LHSQE27CO,39,2026-07-02
LHSQE27GB,23,2026-07-03
LHSQE27YB,36,2026-06-16
LHSUE27YB,14,2026-06-29
LHTBE27GB,17,2026-07-05
LHTEE27YB,1,2026-05-20
LHTHE27RO,3,2026-05-04
LHTHE27SN,1,2026-04-18
LHTOE27CO,12,2026-06-29
LHTOE27RO,13,2026-06-02
LHTOE27SN,122,2026-07-03
LHTOE27YB,17,2026-07-03
LHTRE27BN,10,2026-06-25
LHTRE27CO,7,2026-06-27
LHTRE27GB,11,2026-05-19
LHTRE27RO,9,2026-05-16
LHTRE27SN,2,2026-06-27
LHTTAGU10BM,2,2026-06-22
LHTTAGU10SN,1,2026-06-22
LHTTAGU10WH+LDGU10WW5,25,2026-06-26
LHTTE2730BM,44,2026-06-17
LHTTE2740BM,9,2026-06-11
LHTTE27BL,3,2026-04-21
LHTTE27BM,23,2026-05-18
LHTTE27GR,2,2026-06-06
LHTTE27GY,4,2026-05-02
LHTTE27OR,13,2026-06-11
LHTTE27YE,5,2026-06-05
LHTTGU10BM,1,2026-04-16
LHXCCE27BM,2,2026-04-30
LHXCCE27BM5PK,2,2026-07-04
LHXCCE27RR,7,2026-06-04
LHXCCE27WH,4,2026-07-04
LHXCCE27WH5PK,2,2026-05-12
LHXSHE27BM,174,2026-07-05
LHXSHE27WH,74,2026-06-26
LHXWPE27PPWH,2,2026-06-01
LLRO18W,2,2026-04-14
LLROCW12,20,2026-04-17
LLROCW24,4,2026-07-01
LLROWB9W,3,2026-04-18
LLSQWB22W,4,2026-05-25
LPROCL10W,1,2026-06-08
LPROCL10WAPK,1,2026-04-08
LPSQ12W,4,2026-05-21
LPSQ3W,1,2026-06-27
LPSQ5W,3,2026-06-27
LPWZCW5W,1,2026-07-03
LPWZCW5W3PK,1,2026-05-21
LPWZCW5WAPK,4,2026-07-04
LQAP,1,2026-05-18
LQDO,7,2026-06-26
LQDO3PK,24,2026-06-02
LQDR3,5,2026-06-27
LQDR33PK,2,2026-06-09
LQH,6,2026-06-27
LQP,2,2026-06-26
LQP3PK,3,2026-06-24
LQT2PK,1,2026-06-26
LS2CA600FG,1,2026-05-25
LS2CA800SG+LDC35E1448PK,1,2026-06-15
LSBF3BWG,3,2026-06-26
LSBF3BWG+ICST64E273PK,3,2026-07-03
LSBG136AR+SCRN70FG,9,2026-07-04
LSBS160BL,1,2026-04-29
LSBY600BM,2,2026-07-05
LSCA1000GG,1,2026-05-25
LSCA600SG+LDMC35E1449PK,1,2026-06-15
LSCA800BF,1,2026-06-04
LSCA800BF+LDC35E144BPK,1,2026-07-03
LSCACO300CL+LDC35E144,1,2026-05-16
LSCACO500CL+LDC35E144BPK,3,2026-06-07
LSCAGC400GD+LDC35E1445PK,2,2026-04-19
LSCARO200CL,2,2026-05-21
LSCASN6EG9+LDMC35E1449PK,3,2026-04-24
LSCASNC6QG,2,2026-06-24
LSCASNC6QG+LDMC35E1446PK,1,2026-05-15
LSCASQ300CL,1,2026-06-02
LSCG185AR+SCRN70FG,3,2026-05-26
LSCO335BM+RPR44WH,1,2026-04-20
LSCO335BM2PK+RPR44WH2PK,1,2026-04-20
LSCO335DG+RPR44WH,2,2026-05-10
LSCO335GY+RPR44WH,1,2026-05-19
LSCO335WH2PK+RPR44WH2PK,5,2026-04-20
LSCO360BM+RPR44WH,12,2026-05-06
LSCO360WH2PK+RPR44WH2PK,1,2026-05-18
LSCP150BA+RPR44WH,26,2026-06-28
LSCP150BD+RPR44WH,5,2026-06-24
LSCP150GR+RPR44WH,2,2026-05-16
LSCP150RE+RPR44WH,4,2026-06-06
LSCP150WH+RPR44WH,11,2026-07-02
LSCP150YE+RPR44WH,1,2026-04-13
LSCY210BC+RPR44WH,2,2026-07-05
LSCY210BG+RPR44WH,10,2026-05-07
LSCY210BM+RPR44WH,3,2026-05-20
LSCY290AA+RPR44WH,1,2026-05-23
LSCY290BG+RPR44WH,27,2026-07-05
LSCY290BI+RPR44WH,44,2026-06-26
LSCY290BL+RPR44WH,4,2026-05-22
LSCY290BM+RPR44WH,15,2026-06-26
LSCY290BS+RPR44WH,3,2026-05-20
LSCY290BU+RPR44WH,3,2026-06-01
LSCY290CH2PK+RPR44WH2PK,1,2026-07-05
LSCY290CO+RPR44WH,6,2026-06-26
LSCY290CY+RPR44WH,2,2026-06-19
LSCY290DCB+RPR44WH,1,2026-04-24
LSCY290GC+RPR44WH,2,2026-06-28
LSCY290GR+RPR44WH,1,2026-05-19
LSCY290GY+RPR44WH,2,2026-06-15
LSCY290GY2PK+RPR44WH2PK,1,2026-06-22
LSCY290NB+RPR44WH,3,2026-06-22
LSCY290RE2PK+RPR44WH2PK,1,2026-04-12
LSCY290RO+RPR44WH,6,2026-06-27
LSCY290RO2PK+RPR44WH2PK,1,2026-06-30
LSCY290SN2PK+RPR44WH2PK,1,2026-07-05
LSCY290YB+RPR44WH,2,2026-06-27
LSCY290YE+RPR44WH,2,2026-06-26
LSCYRO120BM+RPR44WH,2,2026-05-31
LSCYRO120GD+RPR44WH,3,2026-06-28
LSCYRO120WH+RPR44WH,6,2026-07-03
LSCYRO300BM2PK+RPR44WH2PK,3,2026-06-17
LSDM220CH2PK+RPR44WH2PK,2,2026-06-25
LSDM220CO2PK+RPR44WH2PK,1,2026-04-29
LSDO210BI+RPR44WH,2,2026-06-22
LSDO210BL+RPR44WH,1,2026-05-05
LSDO210BM+RPR44WH,1,2026-05-29
LSDO210GR+RPR44WH,3,2026-06-15
LSDO210GY+RPR44WH,1,2026-04-07
LSDO210WH+RPR44WH,13,2026-07-02
LSDO300BM+RPR44WH,5,2026-06-28
LSDO300CO+RPR44WH,1,2026-04-12
LSDO300NB+RPR44WH,4,2026-05-05
LSDO300OR+RPR44WH,1,2026-05-06
LSDO300SN+RPR44WH,1,2026-05-22
LSDO300WH+RPR44WH,1,2026-04-10
LSDO300YB+RPR44WH,1,2026-05-30
LSDO400BYI,1,2026-06-13
LSDO400GY+RPR44WH,5,2026-06-25
LSDO400OR+RPR44WH,3,2026-05-01
LSDO400WH+RPR44WH,3,2026-06-21
LSDO400YE+RPR44WH,3,2026-06-03
LSEL400GY+RPR44WH,1,2026-04-10
LSFG210AR+SCRN70FG,1,2026-06-10
LSFT220BB+RPR44WH,6,2026-06-17
LSFT220BC+RPR44WH,2,2026-04-23
LSFT220BI+RPR44WH,8,2026-06-22
LSFT220BM+RPR44WH,2,2026-06-16
LSFT220BY+RPR44WH,16,2026-06-21
LSFT220CH+RPR44WH,1,2026-06-14
LSFT220CO+RPR44WH,7,2026-06-29
LSFT220FG+RPR44WH,1,2026-05-14
LSFT220GR+RPR44WH,2,2026-06-03
LSFT220GY+RPR44WH,3,2026-06-03
LSFT220GY4PK+RPR44WH4PK,1,2026-06-29
LSFT220PI+RPR44WH,1,2026-04-07
LSFT220RE+RPR44WH,4,2026-04-28
LSFT220WH+RPR44WH,5,2026-04-09
LSFT220YB+RPR44WH,8,2026-06-30
LSGG200AR+SCRN70FG,5,2026-05-26
LSGL12010AR2PK+RPM40WH2PK,2,2026-06-14
LSGL12010AR3PK+RPM40WH3PK,3,2026-06-24
LSGL14010CL+RPM40WH,1,2026-05-03
LSGL14023SG+RPM40WH,27,2026-06-14
LSGL9015CL,2,2026-05-06
LSGL9015CL+RPM40WH,1,2026-07-01
LSGLBG130WH,1,2026-04-30
LSGLBG145AR,6,2026-05-20
LSGLBH300WS+RPM40WH,1,2026-06-17
LSGLFP245BL+RPM40WH,2,2026-05-08
LSGLFP245BR+RPM40WH,4,2026-05-22
LSGLFP245GR+RPM40WH,10,2026-06-09
LSGLLF170AR+RPM40WH,1,2026-06-05
LSGLSC115AR,3,2026-04-13
LSGLSC115AR+RPM40WH,22,2026-06-28
LSGLULAR+RPM40WH,3,2026-06-22
LSGLULCL,7,2026-06-29
LSGLULCL+RPM40WH,3,2026-06-11
LSGLWM200YC+RPR44WH,1,2026-04-27
LSHH240BC+RPR44WH,1,2026-04-14
LSHH240BG+RPR44WH,2,2026-06-23
LSHJ380HE+RPR44WH,5,2026-06-25
LSHM240BG2PK+RPR44WH2PK,1,2026-06-11
LSHM300HE,5,2026-06-19
LSHM400HE,21,2026-07-05
LSHQ150BM+RPR44WH,6,2026-05-15
LSHQ150BY+RPR44WH,2,2026-04-23
LSHQ150GR+RPR44WH,2,2026-06-11
LSHQ150GY+RPR44WH,2,2026-07-05
LSHQ150OR+RPR44WH,4,2026-06-07
LSHQ150PI+RPR44WH,2,2026-05-25
LSHQ150RE+RPR44WH,13,2026-04-28
LSLC180BM+RPR44WH,4,2026-05-01
LSLC180BS+RPR44WH,1,2026-05-14
LSLG190BG,1,2026-05-31
LSLT360CB+RPR44WH,1,2026-05-13
LSLT360GR+RPR44WH,1,2026-04-21
LSMCSQWYBL+RPM40WH,1,2026-05-14
LSMCSQWYRE+RPM40WH,1,2026-05-14
LSMCSQWYRE2PK+RPM40WH2PK,3,2026-05-05
LSMS320BG+RPR44WH,13,2026-07-03
LSMS320BG2PK+RPR44WH2PK,1,2026-06-08
LSMS320BI+RPR44WH,1,2026-06-09
LSMS320BT+RPR44WH,1,2026-04-13
LSMS320CB+RPR44WH,6,2026-06-26
LSMS320GR+RPR44WH,36,2026-07-03
LSMS320GY+RPR44WH,1,2026-07-01
LSMS320NB+RPR44WH,3,2026-06-15
LSMS320OR+RPR44WH,3,2026-06-07
LSMS320RE+RPR44WH,2,2026-06-08
LSMS320WH+RPR44WH,14,2026-06-26
LSOL180BG+RPR44WH,5,2026-06-28
LSOL180BS+RPR44WH,1,2026-06-28
LSOL220CO+RPR44WH,1,2026-04-14
LSOL220GB+RPR44WH,2,2026-04-22
LSOL220SN+RPR44WH,3,2026-05-04
LSPG250AR+SCRN70FG,4,2026-05-13
LSRP260CO+RPR44WH,2,2026-06-13
LSRP260GB+RPR44WH,1,2026-05-17
LSRP260YB+RPR44WH,1,2026-05-17
LSSS300BC+RPR44WH,4,2026-06-23
LSSS300BG+RPR44WH,1,2026-05-26
LSSS300BG2PK+RPR44WH2PK,1,2026-06-20
LSSS300BL+RPR44WH,1,2026-06-18
LSSS300BM+RPR44WH,2,2026-06-08
LSSS300BS+RPR44WH,3,2026-06-09
LSSS300CH+RPR44WH,3,2026-04-22
LSSS300CO+RPR44WH,8,2026-06-09
LSSS300GR+RPR44WH,4,2026-04-07
LSSS300OR+RPR44WH,4,2026-06-18
LSSS300PI+RPR44WH,1,2026-04-23
LSSS300RE+RPR44WH,13,2026-06-18
LSSS300RO+RPR44WH,2,2026-05-01
LSSS300RR+RPR44WH,2,2026-06-04
LSSS300SN+RPR44WH,3,2026-04-08
LSSS300WH+RPR44WH,3,2026-05-19
LSSS300YB+RPR44WH,1,2026-04-14
LSSS300YE+RPR44WH,2,2026-06-18
LSTF400BM+RPR44WH,1,2026-04-30
LSTF400BM2PK+RPR44WH2PK,14,2026-06-25
LSTF400GR+RPR44WH,3,2026-07-04
LSTF400GR2PK+RPR44WH2PK,1,2026-06-13
LSTF400GY2PK+RPR44WH2PK,1,2026-05-20
LSTF400OR+RPR44WH,3,2026-06-23
LSTF400OR2PK+RPR44WH2PK,2,2026-05-21
LSTF400WH+RPR44WH,1,2026-04-11
LSTF400WH2PK+RPR44WH2PK,3,2026-05-09
LSTF40BB+RPR44WH,2,2026-06-08
LSTF40BS+RPR44WH,22,2026-06-14
LSTF40CH+RPR44WH,1,2026-05-12
LSTF40GB+RPR44WH,5,2026-06-30
LSTF40SN+RPR44WH,3,2026-06-19
LSTL260BG+RPR44WH,4,2026-07-03
LSTL260BG2PK+RPR44WH2PK,1,2026-05-22
LSTM320BW+RPR44WH,12,2026-07-02
LSTM320GR+RPR44WH,11,2026-06-09
LSUL220BS+RPR44WH,1,2026-04-07
LSUL220RR+RPR44WH,7,2026-05-17
LSWD360BG+RPR44WH,2,2026-06-23
LSWE315BL,6,2026-05-12
LSWE315GR,3,2026-06-20
LSWE315RE,3,2026-06-24
LSWE315WH,1,2026-04-07
LSWE315YE,1,2026-04-12
MABSFHBT,2,2026-05-30
MABSFHPI,2,2026-06-02
MABSFHWH,1,2026-06-04
MADOIMT1AP,2,2026-06-15
MADOIMT5AP,1,2026-04-30
MBCO1319CLQPK,1,2026-06-10
MBEX3245BMEPK,1,2026-05-09
MBEX3245CBCPK,5,2026-06-16
MBEX3245CBEPK,1,2026-06-12
MBEX3245LGCPK,5,2026-06-16
MBEX3245WHCPK,10,2026-06-16
MBEX4055BMEPK,1,2026-05-09
MBEX5570BMEPK,1,2026-05-09
MBZL86CLAPK,4,2026-06-10
NFCP9,4,2026-07-01
NFFL14GR3PK,1,2026-05-31
NFFL14RE3PK,1,2026-05-16
NFFL14YE3PK,1,2026-05-16
NFFL15WH,15,2026-06-12
NFFL17GR3PK,1,2026-05-19
NFMC8,10,2026-05-24
NFNC15,2,2026-05-05
NFNC17,2,2026-05-24
NT55PK,1,2026-05-28
PC16FT300BA,1,2026-07-05
PC16FT500BA,4,2026-06-10
PC16FTNLBM,1,2026-07-05
PC16FTNLBM3PK,1,2026-06-29
PCBI300TP,16,2026-06-16
PCBI3WC,5,2026-06-17
PCBI400TP,6,2026-06-16
PCBI4WC,4,2026-05-14
PCBI500TP,3,2026-06-09
PCBI6WC,4,2026-06-19
PCBICP,12,2026-05-22
PCBIFF,7,2026-06-30
PCBISR,1,2026-05-16
PCBITR,2,2026-06-17
PCBM20DS,17,2026-05-19
PCBM20DSAPK,3,2026-06-15
PCBM20MX,21,2026-06-14
PCBM25DSBM,74,2026-06-12
PCBS16T10BM3PK,9,2026-06-05
PCBS2FEBM,8,2026-06-08
PCBSF2MCH,10,2026-06-17
PCBSF2MCH2PK,6,2026-06-22
PCBSF2MCH3PK,24,2026-06-10
PCBSM2FBM,141,2026-07-01
PCBSM2FCH,20,2026-06-17
PCBSM2FCO,15,2026-06-15
PCBSM2FFG,5,2026-06-07
PCBSM2FSN,21,2026-06-24
PCBSM2FWH,60,2026-05-18
PCBSM2FYB,26,2026-07-03
PCBSWPYB,1,2026-06-27
PCDO20BM,51,2026-07-02
PCDO20BM+RW1FG2PK+PCBSM2FYB+WSSS70BM,13,2026-06-16
PCDO20CH,3,2026-05-22
PCDO20CO,9,2026-06-07
PCDO20CO+RW1RO2PK+PCBSM2FCO+LHNSE27CO,2,2026-04-07
PCDO20FG,1,2026-06-28
PCDO20SN,2,2026-04-23
PCDO20WH,46,2026-07-02
PCDO20YB,14,2026-06-03
PCDO20YB+PCBSM2FYB+LHNSE27YB,1,2026-06-16
PCFL20BM,10,2026-06-14
PCFL20CO,5,2026-06-09
PCFL20SN,3,2026-06-09
PCFL20SN+SWCRD16BM+RW12CH2PK,4,2026-05-28
PCFL20YB,10,2026-06-09
PCFT200BA,56,2026-07-03
PCFT300BA,35,2026-06-12
PCFT500BA,68,2026-06-21
PCFT800BA,140,2026-06-27
PCFT90LBM,22,2026-06-25
PCFT90LBM+PCBSM2FYB+LHNSE27YB,5,2026-06-07
PCFT90TBM,12,2026-06-12
PCGZ20MB,1,2026-04-08
PCGZ20MF,1,2026-04-22
PCGZ20MI+PCFL20YB+RW1SN2PK+SWFF1GCH,12,2026-05-18
PCGZ20MI+PCFL20YB+RWETM4GD2PK+SWFF1GCH,4,2026-06-28
PCGZ20ML,3,2026-06-12
PCGZ20MO,19,2026-06-21
PCGZ20MT,25,2026-06-14
PCGZ20MX,4,2026-05-08
PCGZ20NL,79,2026-07-03
PCGZ20NL3PK,2,2026-05-19
PCGZ20NL5PK,10,2026-06-25
PCGZ20NLAPK,21,2026-06-12
PCGZ300TP,2,2026-05-20
PCGZ30NT,3,2026-04-14
PCGZ3WC,8,2026-05-21
PCGZ40TP,1,2026-06-29
PCGZ450TP,1,2026-05-11
PCGZ45EL,3,2026-06-19
PCGZ600TP,3,2026-05-20
PCGZ75TP,2,2026-04-08
PCGZ90EL,1,2026-05-26
PCGZCP,2,2026-04-14
PCGZFF,22,2026-05-21
PCGZTB,1,2026-06-17
PCGZTC,3,2026-05-20
PCMT20BM,25,2026-07-01
PCMT20CH,3,2026-05-22
PCMT20CO,3,2026-05-20
PCMT20FG,1,2026-05-17
PCMT20SN,3,2026-05-10
PCMT20YB,4,2026-06-03
PCRN100TP,4,2026-06-30
PCRN200TP,17,2026-06-04
PCRN300TP,5,2026-04-22
PCRN3WC,1,2026-05-14
PCRN400TP,4,2026-05-22
PCRN500TP,2,2026-05-10
PCRN50TP,18,2026-06-16
PCRN5WC,7,2026-06-17
PCRN65TP,2,2026-06-09
PCRN6WC,4,2026-06-27
PCRNFF,18,2026-05-20
PCRNHN,10,2026-05-22
PCRNTC,16,2026-05-22
PCSN220BM,11,2026-07-01
PCSN220CO,6,2026-06-07
PCSN220SN,5,2026-06-14
PCSN220YB,10,2026-05-18
PCSN230BM,1,2026-04-16
PCSN230WH,8,2026-05-19
PCSN295YB,5,2026-04-16
PCSWRG10CO+SWFF1GCH,5,2026-06-09
PCSWRG10SN+SWFF1GCH,4,2026-06-23
PHBAF1BMRBM+LSDO400BI,5,2026-05-28
PHBAF1BMRBM+LSDO400BI+ICST64E27,3,2026-06-30
PHBR1BMRBM,3,2026-07-05
PHCD1PBRBW+LSCY290CB,1,2026-06-30
PHCD1PBRBW+LSCY290GR,4,2026-06-13
PHCH1FBRBM+LSCY290BI,26,2026-06-03
PHCH1FBRBM+LSCY290NB,2,2026-06-07
PHCH1FBRBM+LSDO400CB+LDMST64E274,1,2026-04-24
PHCH1FBRBM2PK+LSCY290BG2PK,1,2026-05-13
PHCH1FBRBM2PK+LSCY290BL2PK,1,2026-06-01
PHCH1FBRBM2PK+LSCY290GR2PK,3,2026-06-01
PHCH1FBRBM2PK+LSCY290RE2PK,1,2026-06-01
PHCH1FBRBM2PK+LSCY290YE2PK,1,2026-06-01
PHCH1GDRYB+LSCY290YB+ICST64E27,1,2026-04-28
PHCI1PBR3WH,1,2026-06-30
PHCT150YBCYB,1,2026-06-28
PHCT1BMRBM+PHDO1PBRBM+LSCY290CO,2,2026-06-16
PHCT1BMRBM+PHDO1PBRBM+LSCY290GB,3,2026-04-27
PHCT1BMRBM+PHUP1PBRBM+LSMCSPMSMC,1,2026-04-23
PHCT80BMCBM,11,2026-07-02
PHCT80GBCGB,12,2026-05-18
PHCT80WHCWH,14,2026-06-11
PHCT80YBCYB,2,2026-05-21
PHDH1HETHE,3,2026-07-01
PHDH1HETHE+ICST64E272PK,10,2026-06-17
PHHCF1BMRBM,2,2026-06-30
PHHCF1BMRBM+ICST64E27,6,2026-06-03
PHHCF1BMRYB,8,2026-07-03
PHHCF1BMRYB+ICST64E27,3,2026-05-20
PHHR1BRTRE+ICST64E27,2,2026-06-30
PHHR1HETHE+ICST64E27,3,2026-06-15
PHHR2HETHE+ICST64E27,5,2026-06-12
PHHR3DSTHE,6,2026-04-20
PHRY2PCRBT,1,2026-06-03
PHRY2PCRRE,1,2026-06-15
PHSF1AGRGB,10,2026-07-05
PHSF1AGRGB+SCRN70BM,1,2026-06-18
PHSF1AGTGB,28,2026-07-05
PHSF1BMRBM,11,2026-05-16
PHSF1BMRBY,18,2026-06-26
PHSF1BMRYB,1,2026-05-19
PHSF1BMTBM,26,2026-07-02
PHSF1BMTBY,17,2026-06-18
PHSF1BMTYB,7,2026-06-22
PHSF1BRRCO,60,2026-06-23
PHSF1BRRCO+SCRN70CO+LSFT220CO,2,2026-04-10
PHSF1BRTCO,16,2026-06-28
PHSF1BWRSN,42,2026-06-28
PHSF1BWRWH,6,2026-06-22
PHSF1BWTSN,1,2026-05-14
PHSF1GDRFG,6,2026-06-14
PHSF1GDRYB,4,2026-04-23
PHSF1GDTFG,25,2026-05-17
PHSF1GDTFG+ICST64E27,2,2026-05-23
PHSF1GDTYB,18,2026-06-19
PHSF1GDTYB+LSGLWM200YC,2,2026-04-27
PHSF1GDTYB+WCBNGD,3,2026-06-05
PHSF1GDTYB2PK+LSRP260YB2PK,2,2026-04-12
PHSF1GYRCH,18,2026-07-03
PHSF1GYTCH,12,2026-06-25
PHSF1PBR20WH+LSWE315BM+ICST64E27,2,2026-06-02
PHSF1PBR40WH+LSBS160BM,5,2026-06-18
PHSF1PBRYB,2,2026-05-04
PHSF1PBRYB+LSCY290BS+ICST64E27,1,2026-04-16
PHSF1PWR20WH+CGWDWO+LSWE315RE,3,2026-06-14
PHSF1PWR20WH2PK+LSWE315GR2PK,1,2026-04-07
PHSF1PWR40WH+LSBS160BL,1,2026-05-23
PHSF1PWR40WH+LSBS160BU,3,2026-06-07
PHSF1PWR40WH+LSBS160RE,1,2026-05-23
PHSF1PWR40WH+LSBS160YE,1,2026-05-23
PHSF1ROTRO,8,2026-07-02
PHSF2AGRGB,34,2026-06-30
PHSF2AGRGB+SPSDP2BM,3,2026-06-27
PHSF2AGRGB+SPSDP2BM+ICST64E27,1,2026-04-23
PHSF2BMRBM,7,2026-06-21
PHSF2BMRBM+SPSDP2BM,45,2026-06-28
PHSF2BMRBM+SPSDP2BM+ICST64E27,9,2026-06-09
PHSF2BMRBY,9,2026-06-23
PHSF2BMRBY+SPSDP2BM+ICST64E27,2,2026-04-22
PHSF2BMRBY+SPSDP2YB+LDMST64E276,1,2026-04-14
PHSF2BMTBM,13,2026-07-03
PHSF2BMTBY,8,2026-05-24
PHSF2BMTYB+ICST64E27,3,2026-05-29
PHSF2BRRCO,3,2026-07-01
PHSF2BRTCO,2,2026-06-14
PHSF2BRTCO+SCRN70BM+LSFT220CO,6,2026-06-04
PHSF2BWRSN,10,2026-07-03
PHSF2BWRWH,3,2026-06-15
PHSF2BWRWH+ICST64E27,1,2026-05-07
PHSF2BWTSN,1,2026-04-24
PHSF2BWTSN+ICST64E27,1,2026-05-31
PHSF2GDRYB,16,2026-06-10
PHSF2GDRYB+SPSDP2YB,1,2026-06-25
PHSF2GDRYB+SPSDP2YB+ICST64E27,2,2026-06-23
PHSF2GDTFG,5,2026-04-27
PHSF2GDTFG+SPSDP2YB,3,2026-05-24
PHSF2GDTYB,8,2026-06-09
PHSF2GYRCH,1,2026-05-04
PHSF2GYRWH,4,2026-06-16
PHSF2GYTCH,3,2026-06-11
PHSF2GYTWH,7,2026-06-24
PHSF2ROTRO,4,2026-05-31
PHSG1PBRYB,1,2026-05-30
PHSG1PBRYB+SCRN70BM+LSBG136AR,2,2026-06-30
PHSG1PBRYB+SCRN70BM+LSCG185AR,1,2026-05-04
PHSG1PBRYB+SCRN70BM+LSPG250AR,6,2026-06-08
PHSG1PBRYB+SCRN70BM+LSPG250AR+ICST64E27,44,2026-06-24
PHSH1HETYB,1,2026-04-13
PHSH1HETYB+ICST64E27,6,2026-05-11
PHSH1HETYB+LSCY290WH,2,2026-04-14
PHSH1HETYB+LSLT360BC+ICST64E27,7,2026-06-04
PHSH1HETYB+SCRN70BC+LSWD360BC,1,2026-04-10
PHSHF1PBRCO+ICST64E27,4,2026-06-13
PHSHF1PBRYB+ICST64E27,2,2026-05-06
PHSHF1PBRYB+LSCY290BG,2,2026-04-23
PHSHF1PBRYB+LSCY290BG+ICST64E27,2,2026-06-27
PHSHF1PBRYB+LSHH240BG,4,2026-05-10
PHSHF1PBRYB+LSHH240BG+ICST64E27,4,2026-07-01
PHSHF1PBRYB+LSMS320BG,20,2026-06-15
PHSHF1PBRYB+LSMS320BG+ICST64E27,12,2026-07-05
PHSHF1PBRYB+LSSS300BG,1,2026-04-15
PHSHF1PBRYB+LSSS300BG+ICST64E27,16,2026-07-02
PHSHF1PBRYB+LSSS300GY,16,2026-06-13
PHSHF1PBRYB+LSTL260BG+ICST64E27,1,2026-06-18
PHSHF1PBRYB3PK+LSMS320BG3PK,1,2026-06-17
PHTT1PBR3BM+LSWT300BM+ICST64E273PK,1,2026-06-06
PHTT1PBR3RR+LSWT300RR,1,2026-05-23
PHTT1PBR3RR+LSWT300RR+ICST64E273PK,1,2026-05-12
PHUH0.5HETBM,109,2026-07-05
PHUH1HETBM,86,2026-06-30
PHUH1HETBM+ICST64E27,9,2026-06-29
PHUH1HETBM+LSGG200AR,8,2026-07-02
PHUH1HETBM+LSHB310HE,1,2026-05-24
PHUH1HETBM+LSHI410HE,12,2026-07-05
PHUH1HETBM+LSHJ380HE,1,2026-05-06
PHUH1HETBM+LSHJ380HE+ICST64E27,1,2026-06-28
PHUH1HETBM+LSHM300HE,6,2026-06-24
PHUH1HETBM+LSHM300HE+ICST64E27,10,2026-06-26
PHUH1HETBM+LSHM400HE,20,2026-07-03
PHUH1HETBM+LSHM400HE+ICST64E27,32,2026-07-02
PHUH1HETBM+LSPG250AR,2,2026-06-09
PHUH1HETBM+WCLNBM+ICG95E2760,3,2026-05-08
PHUH2HETBM,24,2026-06-28
PHUH2HETBM+LSCY290GR,10,2026-06-26
PHUH2HETBM+LSDO300SN+ICST64E27,1,2026-05-19
PHUH2HETBM+LSDO400BM,1,2026-06-09
PHUH2HETBM+LSDO400BT+ICST64E27,2,2026-05-20
PHUH2HETBM+LSDO400CB+ICST64E27,2,2026-05-20
PHUH2HETBM+LSDO400OR+ICST64E27,2,2026-05-20
PHUH2HETBM+LSDO400YE+ICST64E27,1,2026-05-20
PHUH2HETBM+LSGG200AR,2,2026-06-23
PHUH2HETBM+LSHM300HE+ICST64E27,3,2026-05-12
PHUH2HETBM+LSHM400HE+ICST64E27,3,2026-05-08
PHUH2HETBM+SPSDCSBM+LSHM300HE,3,2026-06-22
PHUH2HETBM+SPSDCSBM+WCSPROCO+ICST64E27,2,2026-06-28
PHWL1PBRBC+LDMST64E274,1,2026-05-06
PL4HBC,5,2026-05-16
PL4HBM,8,2026-06-24
PL4HRR,12,2026-06-30
PLADBC,31,2026-06-23
PLADBC+ICST64E273PK,1,2026-05-03
PLADBC+LSDO210BC3PK,9,2026-06-25
PLADBC+LSDO210BC3PK+ICST64E273PK,11,2026-07-02
PLADBM,21,2026-07-04
PLADBM+ICST64E273PK,1,2026-04-11
PLADBM+LSDO210BG3PK,3,2026-06-05
PLADBM+LSDO210BG3PK+ICST64E273PK,4,2026-06-20
PLADBS,2,2026-06-08
PLADBS+LSDO210BS3PK,1,2026-05-02
PLADRR+LSDO210RR3PK,2,2026-06-12
PLADRR+LSDO210RR3PK+ICST64E273PK,1,2026-06-17
PLBXBS+PLWP120BS+LSUL220BS+ICST64E27,13,2026-04-28
PLDMBC,8,2026-06-11
PLDMBC+ICST64E2740,4,2026-05-03
PLDMBM,2,2026-06-05
PLDMBM+ICST64E2740,8,2026-06-27
PLHABC,4,2026-04-11
PLHABC+LSOL180BC,4,2026-05-11
PLHABC+LSOL180BC+ICST64E27,2,2026-05-18
PLHABM,2,2026-04-21
PLHABM+LSOL180BM,1,2026-06-17
PLHABS,4,2026-04-30
PLHABS+ICST64E2740,2,2026-06-04
PLHARR+LSOL180RR+ICST64E27,2,2026-06-13
PLHCBC+LSDO210BC3PK+ICST64E273PK,2,2026-06-13
PLHCBC+LSFT220BC3PK,2,2026-06-16
PLHCBC+LSFT220BC3PK+ICST64E273PK,3,2026-05-30
PLHCBC+WCWDBM3PK+ICST64E273PK,1,2026-04-24
PLHCBM+LSCY210BG3PK,7,2026-06-19
PLHCBM+LSCY210BG3PK+ICST64E273PK,21,2026-06-24
PLHCBS+LSDO210BS3PK,1,2026-06-14
PLHCBS+LSDO210BS3PK+ICST64E273PK,1,2026-07-04
PLHIBC,9,2026-06-30
PLHIBC+ICST64E275PK,11,2026-07-01
PLHIBM,5,2026-07-04
PLHIBM+ICST64E275PK,3,2026-06-24
PLHIBS,8,2026-06-08
PLHIBS+ICST64E275PK,5,2026-04-17
PLHIRR+ICST64E275PK,1,2026-06-26
PLHLBC+ICST64E272PK,3,2026-04-22
PLHLBS,4,2026-06-14
PLHLRR+ICST64E272PK,1,2026-06-26
PLHNBC+ICST64E27,5,2026-06-09
PLHNBM+LSGLBT200PU+LDMST64E274,2,2026-06-28
PLHSBC,1,2026-05-17
PLHSBM,2,2026-04-11
PLHTBM,4,2026-06-22
PLHTRR,4,2026-06-05
PLHWBS+ICST64E27603PK,4,2026-04-27
PLMJBC,4,2026-04-20
PLOTBC+ICST64E2740,1,2026-05-11
PLOTBC+LSFT220BC,4,2026-05-10
PLOTBM+LSFT220BM,3,2026-06-16
PLOTRR,1,2026-06-26
PLOTRR+WCBNRR+ICST64E2740,5,2026-06-22
PLPYBC+ICST64E2740,10,2026-06-30
PLPYRR+ICST64E2740,4,2026-06-07
PLTABB+ICST64E2760,2,2026-06-17
PLTABC+ICST64E2760,1,2026-05-11
PLTABM+ICST64E27,2,2026-04-20
PLTEBC+WCWYBM+ICST64E27,1,2026-05-14
PLTEBM,1,2026-04-18
PLTEBS,2,2026-04-28
PLTFBC,1,2026-04-09
PLTFRR,1,2026-06-28
PLTRBM,1,2026-05-22
PLTRULBC,1,2026-05-04
PLTTBC+LSOL180BC,1,2026-06-06
PLTTBC+WCBNBC+ICST64E2740,4,2026-06-21
PLTTBM+LSTF40BM,1,2026-04-11
PLTTBS+LSOL180BS,1,2026-04-07
PLTTBS+WCBNBS,2,2026-06-21
PLWCBM,4,2026-04-25
PLWCRR,3,2026-05-16
PLWEBC+PHHT1PBRBC+WCBNBC+ICT45E2760,2,2026-04-09
PLWEBC+PHHT1PBRBC+WCSRBC,2,2026-04-12
PLWEBC+PHHT1PBRBC+WCSRBC+ICT45E2760,2,2026-07-01
PLWEBC+PHNW1RBC+LDMST64E274,5,2026-06-23
PLWEBM+PHNW1RBM,4,2026-06-11
PLWEBM+PHNW1RBM+LDMST64E274,13,2026-06-29
PLWLBB+ICST64E27,2,2026-06-23
PLWLBB+LDMST64E274,1,2026-04-24
PLWLBC,1,2026-06-16
PLWLRR,5,2026-04-20
PLWP120BC+LSUL220BC,3,2026-05-18
PLWPBC,7,2026-06-29
PLWPBC+ICST64E2740,1,2026-07-04
PLWPBM+ICST64E2740,8,2026-06-13
PLWPBS,2,2026-05-18
PLWPBS+ICST64E2740,1,2026-06-07
PLWSBC,8,2026-06-11
PLWSBM,2,2026-06-19
PLWTBM,1,2026-04-14
PSDS2BMB14BM+ICC35E1460,3,2026-04-25
PSDS2BMRBL+ICST64E27,10,2026-06-15
PSDS2BMRBM+ICST64E27,120,2026-07-01
PSDS2BMRBR+ICST64E27,37,2026-07-05
PSDS2BMRBU+ICST64E27,3,2026-06-30
PSDS2BMRBW,1,2026-06-12
PSDS2BMRBW+ICST64E27,6,2026-06-09
PSDS2BMRGD+ICST64E27,22,2026-06-29
PSDS2BMRGR+ICST64E27,13,2026-06-30
PSDS2BMRGY+ICST64E27,6,2026-05-05
PSDS2BMRRE,1,2026-06-12
PSDS2BMRRE+ICST64E27,16,2026-06-11
PSDS2BMRRO+ICST64E27,3,2026-05-21
PSDS2BPB+SPUPBM2PK+LHSHE27YB+LSHJ380HE,1,2026-04-12
PSDS2BPB+SPUPBM2PK+LHSHE27YB+LSHM300HE,2,2026-06-18
PSDS2RBM,3,2026-05-20
PSDS2RBM+LHSHE27BY,3,2026-06-05
PSDS2RBM+LHSHE27CO,3,2026-05-10
PSDS2RBM+LHSHE27SN,1,2026-05-31
PSDS2RGD,1,2026-07-02
PSDS2RGY,1,2026-04-16
PSDS2RGY+LHSHE27SN,1,2026-04-30
PSDS2RRE,5,2026-04-24
PSDS2RRE+LHTHE27RO,1,2026-07-02
PSDS2WHBWH,2,2026-06-23
PSDS4BMBBM,6,2026-07-01
PSDS4BMBBM+WCDTGD+LDMG95E274,8,2026-05-16
PSDS4BMBBM+WCDTWH+LDMG95E274,1,2026-05-19
PSDS4BMRBL+ICST64E27,3,2026-06-16
PSDS4BMRBM+ICST64E27,4,2026-05-07
PSDS4BMRBM+ICST64E2740,3,2026-05-12
PSDS4BMRBM+SPUPBM+SPUWBM+LSSS300BI,1,2026-04-13
PSDS4BMRBM+SPUPBM+SPUWBM+LSSS300GR,4,2026-04-20
PSDS4BMRBR+ICST64E27,10,2026-07-03
PSDS4BMRBU+ICST64E27,13,2026-07-05
PSDS4BMRBW+ICST64E27,13,2026-06-24
PSDS4BMRGD+ICST64E27,17,2026-07-02
PSDS4BMRGR+ICST64E27,2,2026-06-16
PSDS4BMRGY+ICST64E27,3,2026-07-04
PSDS4BMRRE+ICST64E27,7,2026-07-02
PSDS4BMRRO+ICST64E27,2,2026-06-06
PSDS4PBRYB,1,2026-06-25
PSDS4RBM,24,2026-07-03
PSDS4RRO+LHSHE27CO,13,2026-06-12
PSDS4RRO+LHSHE27CO+ICST64E27,12,2026-07-02
PSDS4WHBWH,1,2026-06-30
PSDS4WHBWH+ICST64E2740,1,2026-05-19
PSFW4RGD,1,2026-05-13
PSHYOS2WBM,2,2026-06-11
PSHYOS2WRWH,2,2026-06-16
PSHYOS2WWH,1,2026-04-19
PSHYOS4BRBM,3,2026-06-25
PSHYOS4BRBM+LSCY290GR,5,2026-06-01
PSHYOS4BRBM+LSCY290OR,1,2026-04-24
PSHYOS4BRBM+LSCY290RE,4,2026-05-06
PSHYOS4BRBM+SPUPBM+LSDO210BC,2,2026-05-09
PSHYOS4BRBM+SPUPBM+LSDO210BG,1,2026-06-17
PSHYOS4BRBM+SPUPBM+LSDO210BM,1,2026-06-09
PSHYOS4WRWH,5,2026-06-22
PSHYOS4WWH,2,2026-07-05
PSOS2BMB14BM,2,2026-04-22
PSOS2BMB14BM+ICC35E1460,3,2026-05-15
PSOS2BMBBM,29,2026-06-28
PSOS2BMTHE,2,2026-04-21
PSOS2BMTHE+ICST64E27,3,2026-05-06
PSOS2HERBM,33,2026-06-15
PSOS2HERBM+ICST64E27,16,2026-06-17
PSOS2HETBM,25,2026-07-04
PSOS2HETBM+ICST64E27,17,2026-07-05
PSOS2HETBM+LDMST64E274,11,2026-07-03
PSOS2RBWCH,2,2026-06-06
PSOS2RPU,1,2026-06-06
PSOS2RROCO,1,2026-06-12
PSOS2WHBWH,19,2026-05-21
PSOS2YBRPB,1,2026-06-12
PSOS4BMBBM,2,2026-06-08
PSOS4BMRBR,11,2026-06-03
PSOS4BMRBR+ICST64E2760,4,2026-07-04
PSOS4BMTHE,26,2026-06-27
PSOS4BMTHE+ICST64E27,10,2026-06-23
PSOS4YBRPB+LSCY290GY,1,2026-06-10
PSOS4YBRPB+SCRN70BM+LSFT220BM+ICST64E27,6,2026-06-09
PSOS4YBRPB+WCDCBM,2,2026-06-09
PSOS4YBRPB+WCDCBM+ICST64E27,2,2026-06-30
RBLSCY210BG+RPR44WH,1,2026-05-15
RBLSCY210BM+RPR44WH,2,2026-05-02
RBLSCY290CH+RPR44WH,1,2026-04-11
RBLSCY290CO+RPR44WH,1,2026-05-14
RBLSDM220CO+RPR44WH,2,2026-07-02
RBLSDM220YB+RPR44WH,1,2026-05-15
RBLSFT220YB+RPR44WH,2,2026-06-22
RBLSTF40SN,1,2026-05-29
RBLSTF40YB,1,2026-04-10
RD20,33,2026-04-19
RD25,1,2026-04-19
RD405PK,2,2026-05-15
RD505PK,1,2026-06-02
RD905PK,2,2026-06-05
RPM40BM2PK,3,2026-05-25
RPR44WH3PK,2,2026-06-16
RWFG,1,2026-05-30
RWGS1342WH,1,2026-04-17
RWT3550YE,1,2026-05-29
RWWPSYAE25WH,1,2026-05-08
RWWPSYAE50WH,1,2026-04-20
RWWPSYBF50GY,2,2026-05-01
SCRN70BM,1,2026-07-02
SCRN70CH,3,2026-07-05
SCRN70CO,1,2026-04-29
SCRN70FG,5,2026-05-20
SCRN70GB,2,2026-06-29
SCRN70SN,4,2026-06-01
SDP80RL3PK,1,2026-05-09
SOGS1GGK,8,2026-06-20
SOGS1GGO,16,2026-06-20
SOTB1GTK,24,2026-06-20
SOV101GWH,2,2026-04-09
SOV102GTD,20,2026-06-28
SOV102GWH,6,2026-06-23
SPHEBM,1,2026-05-04
SPHEBM2PK,1,2026-06-03
SPHEBMAPK,1,2026-06-08
SPPGUK3PBM,3,2026-06-27
SPPGUK3PBM4PK,12,2026-07-02
SPPGUK3PBM6PK,6,2026-06-30
SPPGUK3PBR,4,2026-06-09
SPPGUK3PBR4PK,3,2026-05-28
SPPGUK3PTR,6,2026-07-03
SPPGUK3PTR4PK,3,2026-05-25
SPPGUK3PWH,3,2026-07-01
SPSD78SN,1,2026-05-31
SPSD78SN2PK,1,2026-05-29
SPSD88SN,2,2026-05-11
SPSD88SN2PK,3,2026-06-26
SPSD95SN,1,2026-05-29
SPSD95SN5PK,1,2026-06-08
SPSDP1BM,60,2026-07-02
SPSDP1BM2PK,2,2026-06-21
SPSDP1SN2PK,2,2026-05-24
SPSDP1WH,5,2026-06-29
SPSDP1WH2PK,1,2026-07-05
SPSDP1YB,3,2026-05-10
SPSDP1YB2PK,7,2026-06-21
SPSDP2BM,50,2026-07-05
SPSDP2SN,24,2026-07-05
SPSDP2WH,32,2026-06-27
SPSDP2YB,21,2026-06-28
SPSDP3BM,62,2026-07-05
SPSDP3SN,37,2026-06-22
SPSDP3WH,63,2026-07-05
SPSDP3YB,42,2026-06-26
SPSSDBMAPK,8,2026-06-17
SPUPBM,1,2026-04-23
SPUPWH,1,2026-05-04
SPWL50BM2PK,1,2026-05-19
SSSFGLCL3PK,1,2026-05-11
SSSFGLCLGPK,2,2026-04-13
STBFT50M48EWH,53,2026-04-18
STBFT50M48EWH6PK,3,2026-06-01
STFG4845WH,5,2026-05-13
STFT20M40OBM6PK,1,2026-06-24
STFT23M50NBM,1,2026-04-13
STFT23M50NBM2PK,1,2026-06-07
STFT23M50NBM6PK,1,2026-06-01
STFT23M50NTR6PK,1,2026-06-19
STIX245GR,1,2026-05-05
STKP48EBR,4,2026-06-07
STKP48EBR3PK,2,2026-05-11
STKP48EBR6PK,6,2026-05-23
STMT18FWH6PK,5,2026-05-10
STMT4845WH,85,2026-06-09
STMT4845WH6PK,38,2026-07-05
STND182WH2PK,27,2026-06-12
STND242RE2PK,5,2026-04-25
STND302WH,7,2026-06-12
STRF50IRE,2,2026-06-17
STRF50ISR,2,2026-07-05
STRF50IYE,3,2026-06-23
STRF50IYK,7,2026-04-29
SWCRD16BM,11,2026-06-07
SWFF1GCH,4,2026-06-09
SWGS1GBL,4,2026-05-27
SWGS2GBL,6,2026-06-05
SWGS2GBM,2,2026-06-04
SWGS2GGD,19,2026-07-01
SWGS3GBM,2,2026-05-03
SWHBSP1OSWH,2,2026-07-05
SWRS3GBM,5,2026-06-20
SWV101GTG,4,2026-04-14
SWV102GTD,15,2026-06-28
SWV102GTG,23,2026-06-28
SWV103GCH,2,2026-07-01
SWV103GTD,7,2026-06-28
SWV103GTG,7,2026-06-06
TCTEGRS3RW,1,2026-06-06
TPCLXX201GY+ICST64E27,1,2026-05-07
TPHTTF2PBRBM,1,2026-07-05
TPHTTF2PBRBM+ICST64E27,1,2026-05-10
TPHTTF2PBRBM+WCB5BM,1,2026-06-09
TPHTTN2PBRBM,1,2026-04-14
TPHTTN2PBRBM+LSMCSQWYRE,1,2026-06-24
TPHTTN2PBRBM2PK,2,2026-04-14
TPOS1PRBRO,2,2026-06-17
TPOS1PRBRO+ICST64E27,1,2026-07-04
TPOS1PRBRO2PK,1,2026-04-15
TPOS1PRBRO2PK+ICST64E272PK,2,2026-06-29
TPOSBDBM,58,2026-07-02
TPOSBDBM2PK,6,2026-06-10
TSLCQA10WH,10,2026-06-02
TSLCQA15WH,44,2026-05-30
TSLCQA20WH,46,2026-07-01
TSLTRE,1,2026-04-20
TSST349131GR6PK,1,2026-05-25
TSST349131GR9PK,3,2026-05-03
TSST349131GRHPK,13,2026-06-12
TSST349131GR_9PK,4,2026-04-16
TSST349131GR_HPK,1,2026-04-30
TSST349133WO9PK,1,2026-06-09
TSST349133WOHPK,25,2026-05-28
TSST349133WO_6PK,3,2026-06-25
TSST349134GY6PK,3,2026-05-06
TSST349134GYHPK,6,2026-06-16
TSST349134GY_6PK,7,2026-04-16
TSSTYM01GY,72,2026-05-15
TSTLRULRB,1,2026-05-22
TSTLRULRB2PK,5,2026-05-25
TSTLRULRB3PK,1,2026-04-14
TSTLRULRB4PK,1,2026-05-19
TSTLRUMRB,4,2026-06-01
TSTLRUMRB2PK,3,2026-06-04
TSTLRUSRB,1,2026-05-30
TSTLRUSRB2PK,7,2026-06-07
TSTS40WH,1,2026-06-09
TSWGQBAOR,1,2026-05-19
TSWGQBRE,13,2026-06-09
WCB1BC+RPR44WH,1,2026-05-03
WCB2BC+RPR44WH,1,2026-06-28
WCB2RR+RPR44WH,5,2026-05-16
WCB3BB+RPR44WH,4,2026-05-25
WCB3BM+RPR44WH,2,2026-04-27
WCB3BS+RPR44WH,3,2026-07-01
WCB4BB+RPR44WH,2,2026-06-15
WCB4RR+RPR44WH,3,2026-06-15
WCB4WH+RPR44WH,1,2026-04-21
WCB5BB+RPR44WH,1,2026-05-18
WCB5BC+RPR44WH,1,2026-04-14
WCB5BM+RPR44WH,1,2026-04-29
WCB5RR+RPR44WH,8,2026-04-07
WCB5WH+RPR44WH,4,2026-06-30
WCB6BC+RPR44WH,4,2026-06-16
WCB6BS+RPR44WH,1,2026-06-16
WCB6WH+RPR44WH,1,2026-04-21
WCB7BB+RPR44WH,1,2026-05-16
WCB7BC+RPR44WH,1,2026-04-10
WCB7BM+RPR44WH,4,2026-07-03
WCB7WH+RPR44WH,3,2026-05-22
WCBCFBM,1,2026-04-13
WCBNBC,15,2026-04-20
WCBNRR,3,2026-06-11
WCBSF120FG2PK+RPR44WH2PK,3,2026-06-06
WCCEBM,3,2026-05-31
WCCY1SQBM,1,2026-04-26
WCCY1SQBM+LDMA60E278WW,2,2026-04-08
WCCY1SQCH+LDMA60E278WW,2,2026-04-26
WCCYROBM,5,2026-05-13
WCCYROBM+LDMT45E274,8,2026-06-15
WCCYSP160BM,6,2026-04-17
WCCYSP160GD,3,2026-07-01
WCCYSP160WH,8,2026-05-29
WCCYSP180BM,10,2026-06-02
WCCYSP180GD,9,2026-06-12
WCCYSP180WH,6,2026-06-22
WCCYSQBM+LDMT45E274,1,2026-06-25
WCCYSQBM2PK+LDMA60E278WW2PK,2,2026-06-25
WCCYSQCH2PK,2,2026-07-04
WCCYSQGD+LDMT45E274,6,2026-06-22
WCCYSQGD2PK+ICST64E272PK,3,2026-06-03
WCDCBC+RPR44WH,11,2026-06-05
WCDCBM+RPR44WH,3,2026-05-15
WCDCRO+RPR44WH,1,2026-05-15
WCDFCO,1,2026-05-15
WCDSBM+RPR44WH,4,2026-05-01
WCDSBM2PK+RPR44WH2PK,4,2026-05-04
WCDTBL+RPR44WH,8,2026-06-16
WCDTBM+RPR44WH,1,2026-05-31
WCDTGD+RPR44WH,2,2026-04-15
WCDTWH+RPR44WH,1,2026-05-04
WCFRBM,22,2026-06-08
WCFS1VCBM+ICST64E27,2,2026-06-25
WCFWROBM2PK+RPR44WH2PK,2,2026-06-26
WCFWROCO+RPR44WH,1,2026-04-29
WCFWROCO2PK+RPR44WH2PK,2,2026-06-26
WCIR300BM2PK,4,2026-06-09
WCIRFS300BM,4,2026-05-18
WCIRFS300BM+ICST64E27,7,2026-07-03
WCLCBB+RPR44WH,9,2026-04-20
WCLCRE+RPR44WH,1,2026-06-23
WCLDBM+RPR44WH,4,2026-06-22
WCLOBB,1,2026-05-07
WCNCBM+RPR44WH,2,2026-05-07
WCNCFG2PK+RPR44WH2PK,2,2026-06-01
WCNCGD+RPR44WH,2,2026-05-15
WCPC170GR,1,2026-06-04
WCPC170GY,1,2026-06-04
WCPC170YE,1,2026-06-04
WCPC210GY,2,2026-06-17
WCPC220GY,7,2026-06-15
WCSLRO,2,2026-04-14
WCSPROBM2PK+RPR44WH2PK,1,2026-05-12
WCSRBC+RPR44WH,1,2026-05-25
WCTBBB+LDST64E274GR,1,2026-06-24
WCTBBC+LDST64E274RE,1,2026-05-26
WCTBBM+ICST64E2740,3,2026-06-26
WCTBRR,1,2026-06-03
WCTBRR+ICST64E2740,3,2026-07-04
WCVCBM+RPR44WH,1,2026-05-15
WCVCBS+RPR44WH,1,2026-06-28
WCWODSBM+RPR44WH,4,2026-06-26
WCWODVBM,5,2026-05-04
WCWYBB,35,2026-06-11
WCWYBB5PK,1,2026-06-09
WCWYBC,72,2026-05-27
WCWYBM,2,2026-05-07
WCWYRE,1,2026-05-31
WCWYREAPK,2,2026-06-10
WCWYRR2PK,7,2026-05-24
WJB2,53,2026-06-16
WJB3,52,2026-05-04
WJBIP685BM,1,2026-06-30
WJBIP686BM,1,2026-06-30
WJBIP68T12BM,19,2026-07-04
WJBIP68T14BM,66,2026-06-28
WJBSQIP683BM,54,2026-06-16
WJCUKKJWH5PK,2,2026-04-28
WJCUMMEWH,1,2026-05-27
WJCUNFJWH2PK,4,2026-04-28
WJCUNKMWH,1,2026-05-02
WLFS2202BM,2,2026-04-18
WLFS220BC,4,2026-06-14
WLFS220BM,1,2026-06-14
WLFS220BM+ICST64E27,2,2026-05-12
WLFS220BM2PK,5,2026-06-14
WLFS220BM2PK+ICST64E272PK,3,2026-06-28
WLFS220BS,3,2026-06-13
WLFS220YBM,2,2026-06-13
WLFSWDBM+ICST64E27,7,2026-06-17
WLFSWDBM2PK,3,2026-06-17
WLFSWDBM2PK+ICST64E272PK,4,2026-07-05
WLFSWWHE,3,2026-06-22
WLFSWWHE+ICST64E27,3,2026-06-03
WLFSWWHE2PK+ICST64E272PK,2,2026-05-15
WLHSBMCY18,15,2026-05-09
WLHSBMCY182PK,7,2026-05-02
WLHSBMSQ102PK,3,2026-05-04
WLHSBMSW10,29,2026-06-23
WLHSBMSW102PK,14,2026-06-19
WLHSPB12BM,19,2026-06-19
WLHSRE8TWH,9,2026-05-18
WLINCE7WBM,3,2026-06-14
WLINRO7WBM,6,2026-06-23
WLROWH12,1,2026-05-26
WLRPE27BM+LDA60E278WW,3,2026-06-23
WLRPE27BM2PK+LDMA60E278WW2PK,1,2026-06-25
WLRPE27BM3PK+LDA60E278WW3PK,3,2026-06-23
WLSHRE2LBM,1,2026-07-02
WLTPFTBM,1,2026-04-20
WLTPFTBM2PK,5,2026-06-14
WLTPFTBM2PK+ICST64E272PK,2,2026-06-27
WLWOFTWO+CBSF70+CBSFBM+LDSST64E274,1,2026-05-23
WLWOFTWO+LDSST64E274,3,2026-04-18
WMS2003A33,1,2026-06-05
WMS2015KWH,4,2026-06-26
WSAT105CO,2,2026-04-27
WSBWBC,5,2026-06-23
WSBWBC+ICST64E27,11,2026-06-01
WSDM240BC+WCBNBC2PK+ICST64E272PK,6,2026-04-29
WSDM240BM,3,2026-06-30
WSDM240BM+WCB5BM+ICST64E27,1,2026-05-05
WSDM240BM+WCBNBM2PK+LDMT45E2742PK,6,2026-06-14
WSDM240RR+WCB1RR2PK,4,2026-06-28
WSFS1BMBM+SCRN70BA+LSFT220BM,3,2026-06-25
WSHFBC+LSHQ160BC,1,2026-06-21
WSHFBM+LSTF40BM+ICST64E27,4,2026-06-12
WSIWCRBC,6,2026-07-04
WSIWCRBL,7,2026-06-06
WSIWCRBM,45,2026-07-02
WSIWCRBM+ICT45E2760,18,2026-05-20
WSIWCRBS+ICT45E2760,18,2026-05-17
WSIWCRGR,7,2026-06-21
WSIWCRPI,18,2026-07-03
WSIWCRRE,25,2026-06-16
WSIWCRWH,2,2026-05-28
WSLH200BM+ICST64E27,1,2026-04-23
WSLH200BM2PK+ICST64E272PK,2,2026-04-23
WSLR200BM,2,2026-04-19
WSLR200BM+LSOL180BM,1,2026-05-01
WSLR200BM+LSOL180BM+ICST64E27,1,2026-05-22
WSLR200BM+WCDSBM,5,2026-04-14
WSLR200BM+WCWODSBM,12,2026-05-30
WSLR200BM+WCWODSBM+ICST64E27,28,2026-06-07
WSNW170YB,13,2026-05-17
WSNWBC+LSFT220BC+ICST64E27,3,2026-07-03
WSNWBC+WJ018RB3PBM+LSCY290BC+LDMST64E274,6,2026-06-29
WSNWBC+WJ018RB3PBM+LSGLBC160AR+LDMST64E274,1,2026-06-20
WSNWBM+LSFT220BM+ICST64E27,7,2026-06-28
WSNWBM+LSHQ180BM,1,2026-05-06
WSNWBM+LSHQ180BM+ICST64E27,2,2026-06-09
WSNWBM+WJ018RB3PBM+LSCY290BM+LDMST64E274,16,2026-06-14
WSOSBDBM,8,2026-06-26
WSOSBDBM2PK,1,2026-04-17
WSSM40BS,6,2026-06-02
WSSS70BM,12,2026-06-19
WSSS70CO,3,2026-07-04
WSSS70SN,2,2026-04-17
WSSS70YB,1,2026-04-15
WSWMWH,2,2026-06-05
WSWTBC,7,2026-06-09
WSWTBL,2,2026-06-01
WSWTRE,6,2026-06-22
